timestamp,pet_name,price_eur
2026-02-19 16:00:24,Crystal Egg,0.08
2026-02-19 16:00:24,Retired Egg,0.05
2026-02-19 16:00:24,Ride Potion,0.54
2026-02-19 16:00:24,Cherub Chipmunk,0.3
2026-02-19 16:00:24,Newborn Fire Stallion,0.05
2026-02-19 16:00:24,Moon Egg,0.1
2026-02-19 16:00:24,Urban Egg,0.42
2026-02-19 16:00:24,Reborn Fire Stallion,0.27
2026-02-19 16:00:24,Fly Potion,1.0
2026-02-19 16:00:24,Fire Stallion,1.81
2026-02-19 16:00:24,Royal Egg,0.05
2026-02-19 16:00:24,Garden Egg,0.11
2026-02-19 16:00:24,Newborn Fire Mare,0.23
2026-02-19 16:00:24,Paint Sealer,0.05
2026-02-19 16:00:24,Samoyed,0.46
2026-02-19 16:00:24,Newborn Unicorn,0.78
2026-02-19 16:00:24,Onza,0.68
2026-02-19 16:00:24,Danger Egg,0.55
2026-02-19 16:00:24,Reborn Fire Mare,0.95
2026-02-19 16:00:24,Muskrat,0.27
2026-02-19 16:00:24,Japan Egg,0.24
2026-02-19 16:00:24,Desert Egg,0.25
2026-02-19 16:00:24,Aussie Egg,2.85
2026-02-19 16:00:24,Full-Grown Unicorn,0.83
2026-02-19 16:00:24,Newborn Dragonfruit Fox,4.5
2026-02-19 16:00:24,Japanese Snow Fairy,0.33
2026-02-19 16:00:24,Mythic Egg,0.26
2026-02-19 16:00:24,Fire Foal,0.67
2026-02-19 16:00:24,Fossil Egg,0.5
2026-02-19 16:00:24,Newborn Dragon,0.1
2026-02-19 16:00:24,Ocean Egg,0.43
2026-02-19 16:00:24,Angus Cow,0.29
2026-02-19 16:00:24,Reborn Unicorn,3.51
2026-02-19 16:00:24,Classic Trade Stand,0.3
2026-02-19 16:00:24,Newborn Dango Penguins,3.6
2026-02-19 16:00:24,Fire Mare,4.7
2026-02-19 16:00:24,Newborn Christmas Spirit,0.1
2026-02-19 16:00:24,Water Opossum,0.65
2026-02-19 16:00:24,Newborn Fire Foal,0.05
2026-02-19 16:00:24,Reborn Cherub Chipmunk,0.07
2026-02-19 16:00:24,Newborn Maine Coon,0.07
2026-02-19 16:00:24,Christmas Spirit,2.66
2026-02-19 16:00:24,Sneak Weasel,0.29
2026-02-19 16:00:24,Southeast Asia Egg,0.25
2026-02-19 16:00:24,Woodland Egg,0.59
2026-02-19 16:00:24,Turtle Doves,0.45
2026-02-19 16:00:24,Ehecatl,0.54
2026-02-19 16:00:24,Shih Tzu,0.26
2026-02-19 16:00:24,Maine Coon,1.61
2026-02-19 16:00:24,Newborn Kitty Bat,0.29
2026-02-19 16:02:57,Crystal Egg,0.08
2026-02-19 16:02:57,Retired Egg,0.05
2026-02-19 16:02:57,Ride Potion,0.55
2026-02-19 16:02:57,Cherub Chipmunk,0.29
2026-02-19 16:02:57,Newborn Fire Stallion,0.05
2026-02-19 16:02:57,Moon Egg,0.1
2026-02-19 16:02:57,Urban Egg,0.42
2026-02-19 16:02:57,Reborn Fire Stallion,0.34
2026-02-19 16:02:57,Fly Potion,1.0
2026-02-19 16:02:57,Fire Stallion,1.81
2026-02-19 16:02:57,Royal Egg,0.05
2026-02-19 16:02:57,Garden Egg,0.11
2026-02-19 16:02:57,Newborn Fire Mare,0.23
2026-02-19 16:02:57,Paint Sealer,0.05
2026-02-19 16:02:57,Samoyed,0.46
2026-02-19 16:02:57,Newborn Unicorn,0.78
2026-02-19 16:02:57,Onza,0.68
2026-02-19 16:02:57,Danger Egg,0.55
2026-02-19 16:02:57,Reborn Fire Mare,0.95
2026-02-19 16:02:57,Muskrat,0.27
2026-02-19 16:02:57,Japan Egg,0.24
2026-02-19 16:02:57,Desert Egg,0.25
2026-02-19 16:02:57,Aussie Egg,2.85
2026-02-19 16:02:57,Full-Grown Unicorn,0.83
2026-02-19 16:02:57,Newborn Dragonfruit Fox,4.5
2026-02-19 16:02:57,Japanese Snow Fairy,0.33
2026-02-19 16:02:57,Mythic Egg,0.26
2026-02-19 16:02:57,Fire Foal,0.67
2026-02-19 16:02:57,Fossil Egg,0.5
2026-02-19 16:02:57,Newborn Dragon,0.1
2026-02-19 16:02:57,Ocean Egg,0.43
2026-02-19 16:02:57,Angus Cow,0.29
2026-02-19 16:02:57,Reborn Unicorn,3.51
2026-02-19 16:02:57,Classic Trade Stand,0.31
2026-02-19 16:02:57,Newborn Dango Penguins,3.6
2026-02-19 16:02:57,Fire Mare,4.52
2026-02-19 16:02:57,Newborn Christmas Spirit,0.11
2026-02-19 16:02:57,Water Opossum,0.65
2026-02-19 16:02:57,Newborn Fire Foal,0.05
2026-02-19 16:02:57,Reborn Cherub Chipmunk,0.07
2026-02-19 16:02:57,Newborn Maine Coon,0.07
2026-02-19 16:02:57,Christmas Spirit,2.66
2026-02-19 16:02:57,Sneak Weasel,0.29
2026-02-19 16:02:57,Southeast Asia Egg,0.25
2026-02-19 16:02:57,Woodland Egg,0.59
2026-02-19 16:02:57,Turtle Doves,0.45
2026-02-19 16:02:57,Ehecatl,0.54
2026-02-19 16:02:57,Shih Tzu,0.26
2026-02-19 16:02:57,Maine Coon,1.61
2026-02-19 16:02:57,Newborn Kitty Bat,0.32
2026-02-19 16:29:25,Crystal Egg,0.09
2026-02-19 16:29:25,Retired Egg,0.05
2026-02-19 16:29:25,Ride Potion,0.55
2026-02-19 16:29:25,Cherub Chipmunk,0.3
2026-02-19 16:29:25,Newborn Fire Stallion,0.05
2026-02-19 16:29:25,Moon Egg,0.1
2026-02-19 16:29:25,Urban Egg,0.45
2026-02-19 16:29:25,Reborn Fire Stallion,0.32
2026-02-19 16:29:25,Fly Potion,1.0
2026-02-19 16:29:25,Fire Stallion,1.69
2026-02-19 16:29:25,Royal Egg,0.05
2026-02-19 16:29:25,Garden Egg,0.11
2026-02-19 16:29:25,Newborn Fire Mare,0.23
2026-02-19 16:29:25,Paint Sealer,0.05
2026-02-19 16:29:25,Samoyed,0.46
2026-02-19 16:29:25,Newborn Unicorn,0.8
2026-02-19 16:29:25,Onza,0.9
2026-02-19 16:29:25,Danger Egg,0.56
2026-02-19 16:29:25,Reborn Fire Mare,0.95
2026-02-19 16:29:25,Muskrat,0.31
2026-02-19 16:29:25,Japan Egg,0.24
2026-02-19 16:29:25,Desert Egg,0.25
2026-02-19 16:29:25,Aussie Egg,2.82
2026-02-19 16:29:25,Full-Grown Unicorn,1.05
2026-02-19 16:29:25,Newborn Dragonfruit Fox,4.5
2026-02-19 16:29:25,Japanese Snow Fairy,0.33
2026-02-19 16:29:25,Mythic Egg,0.26
2026-02-19 16:29:25,Fire Foal,0.66
2026-02-19 16:29:25,Fossil Egg,0.5
2026-02-19 16:29:25,Newborn Dragon,0.11
2026-02-19 16:29:25,Ocean Egg,0.43
2026-02-19 16:29:25,Angus Cow,0.32
2026-02-19 16:29:25,Reborn Unicorn,3.51
2026-02-19 16:29:25,Classic Trade Stand,0.37
2026-02-19 16:29:25,Newborn Dango Penguins,3.6
2026-02-19 16:29:25,Fire Mare,4.88
2026-02-19 16:29:25,Newborn Christmas Spirit,0.11
2026-02-19 16:29:25,Water Opossum,0.69
2026-02-19 16:29:25,Newborn Fire Foal,0.05
2026-02-19 16:29:25,Reborn Cherub Chipmunk,0.07
2026-02-19 16:29:25,Newborn Maine Coon,0.07
2026-02-19 16:29:25,Sneak Weasel,0.3
2026-02-19 16:29:25,Christmas Spirit,2.65
2026-02-19 16:29:25,Southeast Asia Egg,0.25
2026-02-19 16:29:25,Woodland Egg,0.63
2026-02-19 16:29:25,Turtle Doves,0.45
2026-02-19 16:29:25,Ehecatl,0.54
2026-02-19 16:29:25,Shih Tzu,0.26
2026-02-19 16:29:25,Maine Coon,1.61
2026-02-19 16:29:25,Newborn Kitty Bat,0.29
2026-02-19 16:30:59,Crystal Egg,0.09
2026-02-19 16:30:59,Retired Egg,0.05
2026-02-19 16:30:59,Ride Potion,0.55
2026-02-19 16:30:59,Cherub Chipmunk,0.3
2026-02-19 16:30:59,Newborn Fire Stallion,0.05
2026-02-19 16:30:59,Moon Egg,0.1
2026-02-19 16:30:59,Urban Egg,0.45
2026-02-19 16:30:59,Reborn Fire Stallion,0.32
2026-02-19 16:30:59,Fly Potion,1.02
2026-02-19 16:30:59,Fire Stallion,1.69
2026-02-19 16:30:59,Royal Egg,0.05
2026-02-19 16:30:59,Garden Egg,0.11
2026-02-19 16:30:59,Newborn Fire Mare,0.23
2026-02-19 16:30:59,Paint Sealer,0.05
2026-02-19 16:30:59,Samoyed,0.46
2026-02-19 16:30:59,Newborn Unicorn,0.8
2026-02-19 16:30:59,Onza,0.9
2026-02-19 16:30:59,Danger Egg,0.56
2026-02-19 16:30:59,Reborn Fire Mare,0.95
2026-02-19 16:30:59,Muskrat,0.31
2026-02-19 16:30:59,Japan Egg,0.24
2026-02-19 16:30:59,Desert Egg,0.25
2026-02-19 16:30:59,Aussie Egg,2.82
2026-02-19 16:30:59,Full-Grown Unicorn,1.05
2026-02-19 16:30:59,Newborn Dragonfruit Fox,4.5
2026-02-19 16:30:59,Japanese Snow Fairy,0.33
2026-02-19 16:30:59,Mythic Egg,0.26
2026-02-19 16:30:59,Fire Foal,0.66
2026-02-19 16:30:59,Fossil Egg,0.5
2026-02-19 16:30:59,Newborn Dragon,0.11
2026-02-19 16:30:59,Ocean Egg,0.43
2026-02-19 16:30:59,Angus Cow,0.32
2026-02-19 16:30:59,Reborn Unicorn,3.51
2026-02-19 16:30:59,Classic Trade Stand,0.37
2026-02-19 16:30:59,Newborn Dango Penguins,3.6
2026-02-19 16:30:59,Fire Mare,4.88
2026-02-19 16:30:59,Newborn Christmas Spirit,0.1
2026-02-19 16:30:59,Water Opossum,0.69
2026-02-19 16:30:59,Newborn Fire Foal,0.05
2026-02-19 16:30:59,Reborn Cherub Chipmunk,0.07
2026-02-19 16:30:59,Newborn Maine Coon,0.07
2026-02-19 16:30:59,Sneak Weasel,0.28
2026-02-19 16:30:59,Christmas Spirit,2.65
2026-02-19 16:30:59,Southeast Asia Egg,0.25
2026-02-19 16:30:59,Woodland Egg,0.63
2026-02-19 16:30:59,Turtle Doves,0.45
2026-02-19 16:30:59,Ehecatl,0.54
2026-02-19 16:30:59,Shih Tzu,0.26
2026-02-19 16:30:59,Maine Coon,1.61
2026-02-19 16:30:59,Newborn Kitty Bat,0.29
2026-02-19 16:32:52,Crystal Egg,0.08
2026-02-19 16:32:52,Retired Egg,0.05
2026-02-19 16:32:52,Ride Potion,0.53
2026-02-19 16:32:52,Cherub Chipmunk,0.3
2026-02-19 16:32:52,Newborn Fire Stallion,0.05
2026-02-19 16:32:52,Moon Egg,0.1
2026-02-19 16:32:52,Urban Egg,0.45
2026-02-19 16:32:52,Reborn Fire Stallion,0.32
2026-02-19 16:32:52,Fly Potion,1.0
2026-02-19 16:32:52,Fire Stallion,1.69
2026-02-19 16:32:52,Royal Egg,0.05
2026-02-19 16:32:52,Garden Egg,0.11
2026-02-19 16:32:52,Newborn Fire Mare,0.23
2026-02-19 16:32:52,Paint Sealer,0.05
2026-02-19 16:32:52,Samoyed,0.45
2026-02-19 16:32:52,Newborn Unicorn,0.8
2026-02-19 16:32:52,Onza,0.9
2026-02-19 16:32:52,Danger Egg,0.56
2026-02-19 16:32:52,Reborn Fire Mare,0.95
2026-02-19 16:32:52,Muskrat,0.31
2026-02-19 16:32:52,Japan Egg,0.24
2026-02-19 16:32:52,Desert Egg,0.25
2026-02-19 16:32:52,Aussie Egg,2.82
2026-02-19 16:32:52,Full-Grown Unicorn,1.05
2026-02-19 16:32:52,Newborn Dragonfruit Fox,4.5
2026-02-19 16:32:52,Japanese Snow Fairy,0.3
2026-02-19 16:32:52,Mythic Egg,0.26
2026-02-19 16:32:52,Fire Foal,0.66
2026-02-19 16:32:52,Fossil Egg,0.5
2026-02-19 16:32:52,Newborn Dragon,0.11
2026-02-19 16:32:52,Ocean Egg,0.43
2026-02-19 16:32:52,Angus Cow,0.3
2026-02-19 16:32:52,Reborn Unicorn,3.51
2026-02-19 16:32:52,Classic Trade Stand,0.37
2026-02-19 16:32:52,Newborn Dango Penguins,3.62
2026-02-19 16:32:52,Fire Mare,4.88
2026-02-19 16:32:52,Newborn Christmas Spirit,0.1
2026-02-19 16:32:52,Water Opossum,0.69
2026-02-19 16:32:52,Newborn Fire Foal,0.05
2026-02-19 16:32:52,Reborn Cherub Chipmunk,0.07
2026-02-19 16:32:52,Newborn Maine Coon,0.07
2026-02-19 16:32:52,Sneak Weasel,0.28
2026-02-19 16:32:52,Christmas Spirit,2.65
2026-02-19 16:32:52,Southeast Asia Egg,0.25
2026-02-19 16:32:52,Woodland Egg,0.63
2026-02-19 16:32:52,Turtle Doves,0.45
2026-02-19 16:32:52,Ehecatl,0.54
2026-02-19 16:32:52,Shih Tzu,0.26
2026-02-19 16:32:52,Maine Coon,1.61
2026-02-19 16:32:52,Newborn Kitty Bat,0.29
2026-02-19 16:57:45,Crystal Egg,0.08
2026-02-19 16:57:45,Retired Egg,0.05
2026-02-19 16:57:45,Ride Potion,0.53
2026-02-19 16:57:45,Cherub Chipmunk,0.29
2026-02-19 16:57:45,Newborn Fire Stallion,0.05
2026-02-19 16:57:45,Moon Egg,0.1
2026-02-19 16:57:45,Urban Egg,0.46
2026-02-19 16:57:45,Reborn Fire Stallion,0.27
2026-02-19 16:57:45,Fly Potion,1.02
2026-02-19 16:57:45,Fire Stallion,1.79
2026-02-19 16:57:45,Royal Egg,0.05
2026-02-19 16:57:45,Garden Egg,0.11
2026-02-19 16:57:45,Newborn Fire Mare,0.23
2026-02-19 16:57:45,Paint Sealer,0.05
2026-02-19 16:57:45,Samoyed,0.4
2026-02-19 16:57:45,Newborn Unicorn,0.8
2026-02-19 16:57:45,Onza,0.72
2026-02-19 16:57:45,Danger Egg,0.56
2026-02-19 16:57:45,Reborn Fire Mare,0.95
2026-02-19 16:57:45,Muskrat,0.31
2026-02-19 16:57:45,Japan Egg,0.23
2026-02-19 16:57:45,Desert Egg,0.25
2026-02-19 16:57:45,Aussie Egg,2.67
2026-02-19 16:57:45,Full-Grown Unicorn,1.05
2026-02-19 16:57:45,Newborn Dragonfruit Fox,4.5
2026-02-19 16:57:45,Japanese Snow Fairy,0.3
2026-02-19 16:57:45,Mythic Egg,0.26
2026-02-19 16:57:45,Fire Foal,0.66
2026-02-19 16:57:45,Fossil Egg,0.5
2026-02-19 16:57:45,Newborn Dragon,0.05
2026-02-19 16:57:45,Ocean Egg,0.43
2026-02-19 16:57:45,Angus Cow,0.31
2026-02-19 16:57:45,Reborn Unicorn,3.51
2026-02-19 16:57:45,Classic Trade Stand,0.34
2026-02-19 16:57:45,Newborn Dango Penguins,3.62
2026-02-19 16:57:45,Fire Mare,4.79
2026-02-19 16:57:45,Newborn Christmas Spirit,0.1
2026-02-19 16:57:45,Water Opossum,0.65
2026-02-19 16:57:45,Newborn Fire Foal,0.05
2026-02-19 16:57:45,Reborn Cherub Chipmunk,0.07
2026-02-19 16:57:45,Newborn Maine Coon,0.07
2026-02-19 16:57:45,Sneak Weasel,0.29
2026-02-19 16:57:45,Christmas Spirit,2.48
2026-02-19 16:57:45,Southeast Asia Egg,0.25
2026-02-19 16:57:45,Woodland Egg,0.64
2026-02-19 16:57:45,Turtle Doves,0.45
2026-02-19 16:57:45,Ehecatl,0.54
2026-02-19 16:57:45,Shih Tzu,0.25
2026-02-19 16:57:45,Maine Coon,1.61
2026-02-19 16:57:45,Newborn Kitty Bat,0.29
2026-02-19 17:16:53,Newborn Unicorn,0.8
2026-02-19 17:16:53,Full-Grown Unicorn,0.91
2026-02-19 17:16:53,Reborn Unicorn,3.51
2026-02-19 17:16:53,Luminous Unicorn,5.35
2026-02-19 17:16:53,Luminous Unicorn,3.9
2026-02-19 17:16:53,Full-Grown Unicorn,1.98
2026-02-19 17:16:53,Unicorn Horn,9.76
2026-02-19 17:16:53,Newborn Golden Unicorn,0.19
2026-02-19 17:16:53,Full-Grown Unicorn,1.29
2026-02-19 17:16:53,Newborn Diamond Unicorn,0.2
2026-02-19 17:16:53,Newborn Dragonfruit Fox,4.5
2026-02-19 17:16:53,Newborn Dragon,0.1
2026-02-19 17:16:53,Full-Grown Strawberry Shortcake Bat Dragon,10.67
2026-02-19 17:16:53,Newborn Ancient Dragon,0.05
2026-02-19 17:16:53,Newborn Rose Dragon,3.2
2026-02-19 17:16:53,Full-Grown Dragonfly,0.06
2026-02-19 17:16:53,Reborn Ancient Dragon,0.56
2026-02-19 17:16:53,Reborn Dragon,0.45
2026-02-19 17:16:53,Full-Grown Dragonfruit Fox,4.49
2026-02-19 17:16:53,Newborn Dragonfly,0.05
2026-02-19 17:16:53,Fly Potion,1.0
2026-02-19 17:55:50,Newborn Unicorn,0.88
2026-02-19 17:55:50,Full-Grown Unicorn,1.0
2026-02-19 17:55:50,Reborn Unicorn,4.12
2026-02-19 17:55:50,Luminous Unicorn,6.19
2026-02-19 17:55:50,Luminous Unicorn,4.52
2026-02-19 17:55:50,Full-Grown Unicorn,2.27
2026-02-19 17:55:50,Unicorn Horn,11.6
2026-02-19 17:55:50,Newborn Golden Unicorn,0.22
2026-02-19 17:55:50,Full-Grown Unicorn,1.37
2026-02-19 17:55:50,Newborn Diamond Unicorn,0.23
2026-02-19 17:55:50,Newborn Dragonfruit Fox,4.98
2026-02-19 17:55:50,Newborn Dragon,0.14
2026-02-19 17:55:50,Full-Grown Strawberry Shortcake Bat Dragon,11.95
2026-02-19 17:55:50,Newborn Ancient Dragon,0.08
2026-02-19 17:55:50,Newborn Rose Dragon,3.67
2026-02-19 17:55:50,Full-Grown Dragonfly,0.07
2026-02-19 17:55:50,Reborn Ancient Dragon,0.6
2026-02-19 17:55:50,Reborn Dragon,0.48
2026-02-19 17:55:50,Full-Grown Dragonfruit Fox,4.97
2026-02-19 17:55:50,Newborn Dragonfly,0.05
2026-02-19 17:55:50,Full-Grown Giant Panda,26.84
2026-02-19 17:55:50,Newborn Giant Panda,27.94
2026-02-19 17:55:50,Full-Grown Giant Panda,27.4
2026-02-19 17:55:50,Full-Grown Giant Panda,27.9
2026-02-19 17:55:50,Teen Giant Panda,27.42
2026-02-19 17:55:50,Post-Teen Giant Panda,32.4
2026-02-19 17:55:50,Junior Giant Panda,28.0
2026-02-19 17:55:50,Pre-Teen Giant Panda,30.0
2026-02-19 17:55:50,Luminous Giant Panda,85.99
2026-02-19 17:55:50,Post-Teen Giant Panda,27.3
2026-02-19 18:30:12,Full-Grown Giant Panda,24.9
2026-02-19 18:30:12,Newborn Giant Panda,27.94
2026-02-19 18:30:12,Full-Grown Giant Panda,27.39
2026-02-19 18:30:12,Full-Grown Giant Panda,27.9
2026-02-19 18:30:12,Teen Giant Panda,27.42
2026-02-19 18:30:12,Post-Teen Giant Panda,32.4
2026-02-19 18:30:12,Junior Giant Panda,28.0
2026-02-19 18:30:12,Pre-Teen Giant Panda,30.0
2026-02-19 18:30:12,Post-Teen Giant Panda,31.82
2026-02-19 18:30:12,Luminous Giant Panda,110.0
2026-02-19 19:00:04,Full-Grown Giant Panda,24.9
2026-02-19 19:00:04,Newborn Giant Panda,27.94
2026-02-19 19:00:04,Full-Grown Giant Panda,27.39
2026-02-19 19:00:04,Full-Grown Giant Panda,27.9
2026-02-19 19:00:04,Teen Giant Panda,27.42
2026-02-19 19:00:04,Post-Teen Giant Panda,32.4
2026-02-19 19:00:04,Junior Giant Panda,28.0
2026-02-19 19:00:04,Pre-Teen Giant Panda,30.0
2026-02-19 19:00:04,Luminous Giant Panda,110.0
2026-02-19 19:00:04,Post-Teen Giant Panda,31.83
2026-02-19 19:44:07,Full-Grown Giant Panda,30.0
2026-02-19 19:44:07,Newborn Giant Panda,27.9
2026-02-19 19:44:07,Full-Grown Giant Panda,27.39
2026-02-19 19:44:07,Full-Grown Giant Panda,27.9
2026-02-19 19:44:07,Teen Giant Panda,27.42
2026-02-19 19:44:07,Post-Teen Giant Panda,32.0
2026-02-19 19:44:07,Junior Giant Panda,27.99
2026-02-19 19:44:07,Pre-Teen Giant Panda,30.0
2026-02-19 19:44:07,Luminous Giant Panda,110.0
2026-02-19 19:44:07,Post-Teen Giant Panda,31.82
2026-02-19 20:40:42,Full-Grown Giant Panda,27.0
2026-02-19 20:40:42,Newborn Giant Panda,27.89
2026-02-19 20:40:42,Full-Grown Giant Panda,27.39
2026-02-19 20:40:42,Full-Grown Giant Panda,30.0
2026-02-19 20:40:42,Teen Giant Panda,27.42
2026-02-19 20:40:42,Post-Teen Giant Panda,31.0
2026-02-19 20:40:42,Junior Giant Panda,27.99
2026-02-19 20:40:42,Pre-Teen Giant Panda,30.0
2026-02-19 20:40:42,Luminous Giant Panda,129.15
2026-02-19 20:40:42,Post-Teen Giant Panda,27.3
2026-02-19 21:40:12,Full-Grown Giant Panda,29.98
2026-02-19 21:40:12,Newborn Giant Panda,27.89
2026-02-19 21:40:12,Full-Grown Giant Panda,27.39
2026-02-19 21:40:12,Full-Grown Giant Panda,30.0
2026-02-19 21:40:12,Teen Giant Panda,27.42
2026-02-19 21:40:12,Post-Teen Giant Panda,30.0
2026-02-19 21:40:12,Junior Giant Panda,28.0
2026-02-19 21:40:12,Pre-Teen Giant Panda,29.99
2026-02-19 21:40:12,Luminous Giant Panda,131.1
2026-02-19 21:40:12,Post-Teen Giant Panda,31.83
2026-02-19 22:38:55,Full-Grown Giant Panda,29.97
2026-02-19 22:38:55,Newborn Giant Panda,27.89
2026-02-19 22:38:55,Full-Grown Giant Panda,27.5
2026-02-19 22:38:55,Full-Grown Giant Panda,28.0
2026-02-19 22:38:55,Teen Giant Panda,27.42
2026-02-19 22:38:55,Post-Teen Giant Panda,30.0
2026-02-19 22:38:55,Junior Giant Panda,28.0
2026-02-19 22:38:55,Pre-Teen Giant Panda,29.99
2026-02-19 22:38:55,Luminous Giant Panda,115.0
2026-02-19 22:38:55,Post-Teen Giant Panda,31.84
2026-02-19 23:36:42,Full-Grown Giant Panda,29.97
2026-02-19 23:36:42,Newborn Giant Panda,27.89
2026-02-19 23:36:42,Full-Grown Giant Panda,28.0
2026-02-19 23:36:42,Full-Grown Giant Panda,30.0
2026-02-19 23:36:42,Teen Giant Panda,75.91
2026-02-19 23:36:42,Post-Teen Giant Panda,30.0
2026-02-19 23:36:42,Junior Giant Panda,28.99
2026-02-19 23:36:42,Pre-Teen Giant Panda,29.99
2026-02-19 23:36:42,Luminous Giant Panda,115.0
2026-02-19 23:36:42,Post-Teen Giant Panda,31.84
2026-02-20 02:38:06,Full-Grown Giant Panda,29.97
2026-02-20 02:38:06,Newborn Giant Panda,27.89
2026-02-20 02:38:06,Full-Grown Giant Panda,31.6
2026-02-20 02:38:06,Full-Grown Giant Panda,31.21
2026-02-20 02:38:06,Teen Giant Panda,29.99
2026-02-20 02:38:06,Post-Teen Giant Panda,27.88
2026-02-20 02:38:06,Junior Giant Panda,27.88
2026-02-20 02:38:06,Pre-Teen Giant Panda,27.88
2026-02-20 02:38:06,Luminous Giant Panda,111.97
2026-02-20 02:38:06,Pre-Teen Giant Panda,29.99
2026-02-20 04:52:55,Full-Grown Giant Panda,27.94
2026-02-20 04:52:55,Newborn Giant Panda,27.9
2026-02-20 04:52:55,Full-Grown Giant Panda,31.6
2026-02-20 04:52:55,Full-Grown Giant Panda,30.0
2026-02-20 04:52:55,Teen Giant Panda,29.99
2026-02-20 04:52:55,Post-Teen Giant Panda,43.52
2026-02-20 04:52:55,Junior Giant Panda,27.94
2026-02-20 04:52:55,Pre-Teen Giant Panda,27.94
2026-02-20 04:52:55,Luminous Giant Panda,111.89
2026-02-20 04:52:55,Pre-Teen Giant Panda,29.99
2026-02-20 05:58:46,Full-Grown Giant Panda,27.94
2026-02-20 05:58:46,Newborn Giant Panda,27.8
2026-02-20 05:58:46,Full-Grown Giant Panda,31.59
2026-02-20 05:58:46,Full-Grown Giant Panda,30.0
2026-02-20 05:58:46,Teen Giant Panda,29.99
2026-02-20 05:58:46,Post-Teen Giant Panda,43.51
2026-02-20 05:58:46,Junior Giant Panda,27.94
2026-02-20 05:58:46,Pre-Teen Giant Panda,27.94
2026-02-20 05:58:46,Luminous Giant Panda,111.89
2026-02-20 05:58:46,Post-Teen Giant Panda,29.99
2026-02-20 07:10:01,Full-Grown Giant Panda,27.94
2026-02-20 07:10:01,Newborn Giant Panda,27.89
2026-02-20 07:10:01,Full-Grown Giant Panda,31.59
2026-02-20 07:10:01,Full-Grown Giant Panda,30.0
2026-02-20 07:10:01,Teen Giant Panda,29.99
2026-02-20 07:10:01,Post-Teen Giant Panda,43.52
2026-02-20 07:10:01,Junior Giant Panda,27.94
2026-02-20 07:10:01,Pre-Teen Giant Panda,27.94
2026-02-20 07:10:01,Luminous Giant Panda,110.0
2026-02-20 07:10:01,Pre-Teen Giant Panda,29.99
2026-02-20 08:51:26,Full-Grown Giant Panda,27.94
2026-02-20 08:51:26,Newborn Giant Panda,27.89
2026-02-20 08:51:26,Full-Grown Giant Panda,31.59
2026-02-20 08:51:26,Full-Grown Giant Panda,30.0
2026-02-20 08:51:26,Teen Giant Panda,29.99
2026-02-20 08:51:26,Post-Teen Giant Panda,43.53
2026-02-20 08:51:26,Junior Giant Panda,27.94
2026-02-20 08:51:26,Pre-Teen Giant Panda,27.94
2026-02-20 08:51:26,Luminous Giant Panda,110.0
2026-02-20 08:51:26,Pre-Teen Giant Panda,29.99
2026-02-20 09:51:01,Full-Grown Giant Panda,27.94
2026-02-20 09:51:01,Newborn Giant Panda,27.89
2026-02-20 09:51:01,Full-Grown Giant Panda,31.59
2026-02-20 09:51:01,Full-Grown Giant Panda,30.0
2026-02-20 09:51:01,Teen Giant Panda,29.99
2026-02-20 09:51:01,Post-Teen Giant Panda,43.56
2026-02-20 09:51:01,Junior Giant Panda,27.94
2026-02-20 09:51:01,Pre-Teen Giant Panda,27.94
2026-02-20 09:51:01,Luminous Giant Panda,110.0
2026-02-20 09:51:01,Post-Teen Giant Panda,29.99
2026-02-20 10:45:03,Full-Grown Giant Panda,27.94
2026-02-20 10:45:03,Newborn Giant Panda,27.89
2026-02-20 10:45:03,Full-Grown Giant Panda,31.59
2026-02-20 10:45:03,Full-Grown Giant Panda,30.0
2026-02-20 10:45:03,Teen Giant Panda,29.99
2026-02-20 10:45:03,Post-Teen Giant Panda,43.54
2026-02-20 10:45:03,Junior Giant Panda,27.94
2026-02-20 10:45:03,Pre-Teen Giant Panda,27.94
2026-02-20 10:45:03,Luminous Giant Panda,110.0
2026-02-20 10:45:03,Post-Teen Giant Panda,29.99
2026-02-20 11:38:05,Full-Grown Giant Panda,27.94
2026-02-20 11:38:05,Newborn Giant Panda,27.89
2026-02-20 11:38:05,Full-Grown Giant Panda,31.59
2026-02-20 11:38:05,Full-Grown Giant Panda,31.0
2026-02-20 11:38:05,Teen Giant Panda,29.99
2026-02-20 11:38:05,Post-Teen Giant Panda,43.54
2026-02-20 11:38:05,Junior Giant Panda,27.94
2026-02-20 11:38:05,Pre-Teen Giant Panda,27.94
2026-02-20 11:38:05,Luminous Giant Panda,110.0
2026-02-20 11:38:05,Post-Teen Giant Panda,29.99
2026-02-20 13:12:43,Full-Grown Giant Panda,27.7
2026-02-20 13:12:43,Newborn Giant Panda,27.7
2026-02-20 13:12:43,Full-Grown Giant Panda,31.59
2026-02-20 13:12:43,Full-Grown Giant Panda,29.99
2026-02-20 13:12:43,Teen Giant Panda,27.7
2026-02-20 13:12:43,Post-Teen Giant Panda,27.7
2026-02-20 13:12:43,Junior Giant Panda,27.75
2026-02-20 13:12:43,Pre-Teen Giant Panda,27.7
2026-02-20 13:12:43,Luminous Giant Panda,109.0
2026-02-20 13:12:43,Post-Teen Giant Panda,29.99
2026-02-20 14:45:32,Full-Grown Giant Panda,29.97
2026-02-20 14:45:32,Newborn Giant Panda,27.7
2026-02-20 14:45:32,Full-Grown Giant Panda,31.59
2026-02-20 14:45:32,Full-Grown Giant Panda,29.0
2026-02-20 14:45:32,Teen Giant Panda,27.72
2026-02-20 14:45:32,Post-Teen Giant Panda,43.55
2026-02-20 14:45:32,Junior Giant Panda,134.73
2026-02-20 14:45:32,Pre-Teen Giant Panda,30.8
2026-02-20 14:45:32,Luminous Giant Panda,104.98
2026-02-20 14:45:32,Post-Teen Giant Panda,28.0
2026-02-20 15:42:38,Full-Grown Giant Panda,27.65
2026-02-20 15:42:38,Newborn Giant Panda,27.65
2026-02-20 15:42:38,Full-Grown Giant Panda,31.59
2026-02-20 15:42:38,Full-Grown Giant Panda,28.0
2026-02-20 15:42:38,Teen Giant Panda,27.72
2026-02-20 15:42:38,Post-Teen Giant Panda,27.65
2026-02-20 15:42:38,Junior Giant Panda,27.65
2026-02-20 15:42:38,Pre-Teen Giant Panda,27.65
2026-02-20 15:42:38,Luminous Giant Panda,104.97
2026-02-20 15:42:38,Post-Teen Giant Panda,27.0
2026-02-20 16:50:49,Full-Grown Giant Panda,27.59
2026-02-20 16:50:49,Newborn Giant Panda,27.65
2026-02-20 16:50:49,Full-Grown Giant Panda,31.59
2026-02-20 16:50:49,Full-Grown Giant Panda,28.5
2026-02-20 16:50:49,Post-Teen Giant Panda,27.65
2026-02-20 16:50:49,Junior Giant Panda,27.64
2026-02-20 16:50:49,Pre-Teen Giant Panda,27.64
2026-02-20 16:50:49,Luminous Giant Panda,99.98
2026-02-20 16:50:49,Post-Teen Giant Panda,29.99
2026-02-20 16:50:49,Pre-Teen Giant Panda,31.6
2026-02-20 17:42:56,Full-Grown Giant Panda,29.98
2026-02-20 17:42:56,Newborn Giant Panda,27.49
2026-02-20 17:42:56,Full-Grown Giant Panda,31.55
2026-02-20 17:42:56,Full-Grown Giant Panda,29.9
2026-02-20 17:42:56,Post-Teen Giant Panda,27.5
2026-02-20 17:42:56,Junior Giant Panda,27.49
2026-02-20 17:42:56,Pre-Teen Giant Panda,27.49
2026-02-20 17:42:56,Luminous Giant Panda,95.0
2026-02-20 17:42:56,Post-Teen Giant Panda,29.99
2026-02-20 17:42:56,Pre-Teen Giant Panda,31.6
2026-02-20 19:41:02,Full-Grown Giant Panda,39.99
2026-02-20 19:41:02,Newborn Giant Panda,34.5
2026-02-20 19:41:02,Full-Grown Giant Panda,34.99
2026-02-20 19:41:02,Full-Grown Giant Panda,35.99
2026-02-20 19:41:02,Post-Teen Giant Panda,43.61
2026-02-20 19:41:02,Junior Giant Panda,134.94
2026-02-20 19:41:02,Luminous Giant Panda,118.71
2026-02-20 19:41:02,Post-Teen Giant Panda,37.67
2026-02-20 19:41:02,Pre-Teen Giant Panda,37.68
2026-02-20 19:41:02,Newborn Giant Panda,35.99
2026-02-20 20:40:53,Full-Grown Giant Panda,39.9
2026-02-20 20:40:53,Newborn Giant Panda,39.99
2026-02-20 20:40:53,Full-Grown Giant Panda,34.99
2026-02-20 20:40:53,Full-Grown Giant Panda,35.99
2026-02-20 20:40:53,Post-Teen Giant Panda,43.62
2026-02-20 20:40:53,Junior Giant Panda,134.96
2026-02-20 20:40:53,Luminous Giant Panda,118.71
2026-02-20 20:40:53,Post-Teen Giant Panda,37.67
2026-02-20 20:40:53,Pre-Teen Giant Panda,37.68
2026-02-20 20:40:53,Newborn Giant Panda,35.99
2026-02-20 21:32:35,Full-Grown Giant Panda,35.23
2026-02-20 21:32:35,Newborn Giant Panda,37.99
2026-02-20 21:32:35,Full-Grown Giant Panda,39.0
2026-02-20 21:32:35,Full-Grown Giant Panda,35.97
2026-02-20 21:32:35,Post-Teen Giant Panda,43.65
2026-02-20 21:32:35,Luminous Giant Panda,131.31
2026-02-20 21:32:35,Post-Teen Giant Panda,37.67
2026-02-20 21:32:35,Pre-Teen Giant Panda,37.68
2026-02-20 21:32:35,Newborn Giant Panda,35.97
2026-02-20 21:32:35,Newborn Giant Panda,41.0
2026-02-20 22:34:03,Full-Grown Giant Panda,38.7
2026-02-20 22:34:03,Newborn Giant Panda,37.99
2026-02-20 22:34:03,Full-Grown Giant Panda,39.0
2026-02-20 22:34:03,Full-Grown Giant Panda,39.95
2026-02-20 22:34:03,Post-Teen Giant Panda,43.62
2026-02-20 22:34:03,Junior Giant Panda,39.9
2026-02-20 22:34:03,Luminous Giant Panda,128.73
2026-02-20 22:34:03,Post-Teen Giant Panda,37.67
2026-02-20 22:34:03,Pre-Teen Giant Panda,37.68
2026-02-20 22:34:03,Teen Giant Panda,39.0
2026-02-20 23:35:15,Full-Grown Giant Panda,37.9
2026-02-20 23:35:15,Newborn Giant Panda,37.9
2026-02-20 23:35:15,Full-Grown Giant Panda,42.5
2026-02-20 23:35:15,Full-Grown Giant Panda,38.8
2026-02-20 23:35:15,Post-Teen Giant Panda,43.62
2026-02-20 23:35:15,Junior Giant Panda,39.9
2026-02-20 23:35:15,Luminous Giant Panda,128.5
2026-02-20 23:35:15,Post-Teen Giant Panda,40.0
2026-02-20 23:35:15,Pre-Teen Giant Panda,51.14
2026-02-20 23:35:15,Teen Giant Panda,39.0
2026-02-21 02:31:57,Full-Grown Giant Panda,39.25
2026-02-21 02:31:57,Newborn Giant Panda,36.99
2026-02-21 02:31:57,Full-Grown Giant Panda,37.98
2026-02-21 02:31:57,Full-Grown Giant Panda,38.64
2026-02-21 02:31:57,Post-Teen Giant Panda,43.62
2026-02-21 02:31:57,Junior Giant Panda,38.65
2026-02-21 02:31:57,Luminous Giant Panda,114.99
2026-02-21 02:31:57,Post-Teen Giant Panda,38.64
2026-02-21 02:31:57,Pre-Teen Giant Panda,51.14
2026-02-21 02:31:57,Teen Giant Panda,39.87
2026-02-21 04:42:02,Full-Grown Giant Panda,36.97
2026-02-21 04:42:02,Newborn Giant Panda,36.86
2026-02-21 04:42:02,Full-Grown Giant Panda,37.0
2026-02-21 04:42:02,Full-Grown Giant Panda,35.8
2026-02-21 04:42:02,Post-Teen Giant Panda,36.97
2026-02-21 04:42:02,Junior Giant Panda,36.97
2026-02-21 04:42:02,Pre-Teen Giant Panda,36.97
2026-02-21 04:42:02,Luminous Giant Panda,114.95
2026-02-21 04:42:02,Post-Teen Giant Panda,36.0
2026-02-21 04:42:02,Pre-Teen Giant Panda,35.99
2026-02-21 05:48:18,Full-Grown Giant Panda,36.97
2026-02-21 05:48:18,Newborn Giant Panda,36.03
2026-02-21 05:48:18,Full-Grown Giant Panda,37.0
2026-02-21 05:48:18,Full-Grown Giant Panda,35.45
2026-02-21 05:48:18,Post-Teen Giant Panda,36.97
2026-02-21 05:48:18,Junior Giant Panda,36.6
2026-02-21 05:48:18,Pre-Teen Giant Panda,36.97
2026-02-21 05:48:18,Luminous Giant Panda,114.95
2026-02-21 05:48:18,Pre-Teen Giant Panda,35.9
2026-02-21 05:48:18,Teen Giant Panda,38.42
2026-02-21 06:53:05,Full-Grown Giant Panda,39.24
2026-02-21 06:53:05,Newborn Giant Panda,35.99
2026-02-21 06:53:05,Full-Grown Giant Panda,37.99
2026-02-21 06:53:05,Full-Grown Giant Panda,42.49
2026-02-21 06:53:05,Post-Teen Giant Panda,36.04
2026-02-21 06:53:05,Junior Giant Panda,36.04
2026-02-21 06:53:05,Pre-Teen Giant Panda,36.04
2026-02-21 06:53:05,Luminous Giant Panda,114.95
2026-02-21 06:53:05,Pre-Teen Giant Panda,35.9
2026-02-21 06:53:05,Junior Giant Panda,35.8
2026-02-21 07:37:48,Full-Grown Giant Panda,39.24
2026-02-21 07:37:48,Newborn Giant Panda,35.8
2026-02-21 07:37:48,Full-Grown Giant Panda,35.0
2026-02-21 07:37:48,Full-Grown Giant Panda,35.0
2026-02-21 07:37:48,Teen Giant Panda,40.7
2026-02-21 07:37:48,Post-Teen Giant Panda,36.04
2026-02-21 07:37:48,Junior Giant Panda,36.04
2026-02-21 07:37:48,Pre-Teen Giant Panda,36.04
2026-02-21 07:37:48,Luminous Giant Panda,114.99
2026-02-21 07:37:48,Pre-Teen Giant Panda,35.9
2026-02-21 08:39:23,Full-Grown Giant Panda,37.99
2026-02-21 08:39:23,Newborn Giant Panda,35.6
2026-02-21 08:39:23,Full-Grown Giant Panda,37.0
2026-02-21 08:39:23,Full-Grown Giant Panda,34.67
2026-02-21 08:39:23,Teen Giant Panda,39.17
2026-02-21 08:39:23,Post-Teen Giant Panda,36.04
2026-02-21 08:39:23,Junior Giant Panda,36.04
2026-02-21 08:39:23,Pre-Teen Giant Panda,36.04
2026-02-21 08:39:23,Luminous Giant Panda,114.99
2026-02-21 08:39:23,Pre-Teen Giant Panda,35.9
2026-02-21 09:36:53,Full-Grown Giant Panda,36.2
2026-02-21 09:36:53,Newborn Giant Panda,33.99
2026-02-21 09:36:53,Full-Grown Giant Panda,35.0
2026-02-21 09:36:53,Full-Grown Giant Panda,34.67
2026-02-21 09:36:53,Teen Giant Panda,37.67
2026-02-21 09:36:53,Post-Teen Giant Panda,36.04
2026-02-21 09:36:53,Junior Giant Panda,36.04
2026-02-21 09:36:53,Pre-Teen Giant Panda,36.04
2026-02-21 09:36:53,Luminous Giant Panda,127.44
2026-02-21 09:36:53,Pre-Teen Giant Panda,35.9
2026-02-21 10:33:33,Full-Grown Giant Panda,36.2
2026-02-21 10:33:33,Newborn Giant Panda,33.34
2026-02-21 10:33:33,Full-Grown Giant Panda,34.99
2026-02-21 10:33:33,Full-Grown Giant Panda,34.67
2026-02-21 10:33:33,Teen Giant Panda,34.67
2026-02-21 10:33:33,Post-Teen Giant Panda,36.04
2026-02-21 10:33:33,Junior Giant Panda,36.04
2026-02-21 10:33:33,Pre-Teen Giant Panda,36.04
2026-02-21 10:33:33,Luminous Giant Panda,127.44
2026-02-21 10:33:33,Post-Teen Giant Panda,33.34
2026-02-21 11:28:27,Full-Grown Giant Panda,36.18
2026-02-21 11:28:27,Newborn Giant Panda,33.0
2026-02-21 11:28:27,Full-Grown Giant Panda,35.0
2026-02-21 11:28:27,Full-Grown Giant Panda,36.0
2026-02-21 11:28:27,Teen Giant Panda,34.67
2026-02-21 11:28:27,Post-Teen Giant Panda,36.04
2026-02-21 11:28:27,Junior Giant Panda,36.04
2026-02-21 11:28:27,Pre-Teen Giant Panda,36.04
2026-02-21 11:28:27,Luminous Giant Panda,114.99
2026-02-21 11:28:27,Pre-Teen Giant Panda,35.9
2026-02-21 13:01:46,Full-Grown Giant Panda,36.17
2026-02-21 13:01:46,Newborn Giant Panda,33.6
2026-02-21 13:01:46,Full-Grown Giant Panda,41.24
2026-02-21 13:01:46,Full-Grown Giant Panda,36.0
2026-02-21 13:01:46,Teen Giant Panda,34.67
2026-02-21 13:01:46,Post-Teen Giant Panda,33.78
2026-02-21 13:01:46,Junior Giant Panda,33.78
2026-02-21 13:01:46,Pre-Teen Giant Panda,33.78
2026-02-21 13:01:46,Luminous Giant Panda,113.69
2026-02-21 13:01:46,Pre-Teen Giant Panda,35.9
2026-02-21 14:33:02,Full-Grown Giant Panda,35.97
2026-02-21 14:33:02,Newborn Giant Panda,32.99
2026-02-21 14:33:02,Full-Grown Giant Panda,41.24
2026-02-21 14:33:02,Full-Grown Giant Panda,36.0
2026-02-21 14:33:02,Teen Giant Panda,37.67
2026-02-21 14:33:02,Post-Teen Giant Panda,33.47
2026-02-21 14:33:02,Junior Giant Panda,33.47
2026-02-21 14:33:02,Pre-Teen Giant Panda,33.47
2026-02-21 14:33:02,Luminous Giant Panda,113.69
2026-02-21 14:33:02,Pre-Teen Giant Panda,34.98
2026-02-21 15:32:17,Full-Grown Giant Panda,34.55
2026-02-21 15:32:17,Newborn Giant Panda,32.98
2026-02-21 15:32:17,Full-Grown Giant Panda,37.67
2026-02-21 15:32:17,Full-Grown Giant Panda,34.9
2026-02-21 15:32:17,Teen Giant Panda,37.67
2026-02-21 15:32:17,Post-Teen Giant Panda,33.47
2026-02-21 15:32:17,Junior Giant Panda,33.47
2026-02-21 15:32:17,Pre-Teen Giant Panda,33.47
2026-02-21 15:32:17,Luminous Giant Panda,113.69
2026-02-21 15:32:17,Pre-Teen Giant Panda,34.97
2026-02-21 16:38:04,Full-Grown Giant Panda,33.97
2026-02-21 16:38:04,Newborn Giant Panda,32.98
2026-02-21 16:38:04,Full-Grown Giant Panda,37.0
2026-02-21 16:38:04,Full-Grown Giant Panda,34.9
2026-02-21 16:38:04,Teen Giant Panda,37.67
2026-02-21 16:38:04,Post-Teen Giant Panda,33.47
2026-02-21 16:38:04,Junior Giant Panda,33.47
2026-02-21 16:38:04,Pre-Teen Giant Panda,33.47
2026-02-21 16:38:04,Luminous Giant Panda,127.44
2026-02-21 16:38:04,Pre-Teen Giant Panda,33.96
2026-02-21 17:31:34,Full-Grown Giant Panda,34.0
2026-02-21 17:31:34,Newborn Giant Panda,32.98
2026-02-21 17:31:34,Full-Grown Giant Panda,32.91
2026-02-21 17:31:34,Full-Grown Giant Panda,34.99
2026-02-21 17:31:34,Teen Giant Panda,37.67
2026-02-21 17:31:34,Post-Teen Giant Panda,32.08
2026-02-21 17:31:34,Junior Giant Panda,32.98
2026-02-21 17:31:34,Pre-Teen Giant Panda,32.98
2026-02-21 17:31:34,Luminous Giant Panda,127.43
2026-02-21 17:31:34,Pre-Teen Giant Panda,33.96
2026-02-21 18:44:53,Full-Grown Giant Panda,34.0
2026-02-21 18:44:53,Newborn Giant Panda,32.98
2026-02-21 18:44:53,Full-Grown Giant Panda,37.0
2026-02-21 18:44:53,Full-Grown Giant Panda,35.0
2026-02-21 18:44:53,Teen Giant Panda,37.67
2026-02-21 18:44:53,Post-Teen Giant Panda,32.98
2026-02-21 18:44:53,Junior Giant Panda,32.98
2026-02-21 18:44:53,Pre-Teen Giant Panda,32.98
2026-02-21 18:44:53,Luminous Giant Panda,124.26
2026-02-21 18:44:53,Pre-Teen Giant Panda,33.88
2026-02-21 19:30:42,Full-Grown Giant Panda,34.0
2026-02-21 19:30:42,Newborn Giant Panda,33.0
2026-02-21 19:30:42,Full-Grown Giant Panda,36.01
2026-02-21 19:30:42,Full-Grown Giant Panda,35.0
2026-02-21 19:30:42,Teen Giant Panda,37.67
2026-02-21 19:30:42,Post-Teen Giant Panda,43.61
2026-02-21 19:30:42,Junior Giant Panda,32.98
2026-02-21 19:30:42,Pre-Teen Giant Panda,32.98
2026-02-21 19:30:42,Luminous Giant Panda,124.26
2026-02-21 19:30:42,Pre-Teen Giant Panda,33.84
2026-02-21 20:32:47,Full-Grown Giant Panda,34.0
2026-02-21 20:32:47,Newborn Giant Panda,32.98
2026-02-21 20:32:47,Full-Grown Giant Panda,37.79
2026-02-21 20:32:47,Full-Grown Giant Panda,35.0
2026-02-21 20:32:47,Post-Teen Giant Panda,43.61
2026-02-21 20:32:47,Teen Giant Panda,37.67
2026-02-21 20:32:47,Junior Giant Panda,36.04
2026-02-21 20:32:47,Pre-Teen Giant Panda,33.0
2026-02-21 20:32:47,Luminous Giant Panda,124.26
2026-02-21 20:32:47,Pre-Teen Giant Panda,35.9
2026-02-21 21:30:21,Full-Grown Giant Panda,34.0
2026-02-21 21:30:21,Newborn Giant Panda,36.24
2026-02-21 21:30:21,Full-Grown Giant Panda,36.99
2026-02-21 21:30:21,Full-Grown Giant Panda,30.62
2026-02-21 21:30:21,Teen Giant Panda,37.67
2026-02-21 21:30:21,Post-Teen Giant Panda,43.61
2026-02-21 21:30:21,Junior Giant Panda,36.04
2026-02-21 21:30:21,Pre-Teen Giant Panda,30.61
2026-02-21 21:30:21,Luminous Giant Panda,127.44
2026-02-21 21:30:21,Pre-Teen Giant Panda,33.84
2026-02-21 22:31:21,Full-Grown Giant Panda,39.99
2026-02-21 22:31:21,Newborn Giant Panda,37.0
2026-02-21 22:31:21,Full-Grown Giant Panda,36.88
2026-02-21 22:31:21,Full-Grown Giant Panda,36.0
2026-02-21 22:31:21,Teen Giant Panda,37.67
2026-02-21 22:31:21,Post-Teen Giant Panda,43.61
2026-02-21 22:31:21,Junior Giant Panda,36.2
2026-02-21 22:31:21,Luminous Giant Panda,124.26
2026-02-21 22:31:21,Pre-Teen Giant Panda,51.12
2026-02-21 22:31:21,Newborn Giant Panda,35.0
2026-02-21 23:31:07,Full-Grown Giant Panda,39.98
2026-02-21 23:31:07,Newborn Giant Panda,37.67
2026-02-21 23:31:07,Full-Grown Giant Panda,35.98
2026-02-21 23:31:07,Full-Grown Giant Panda,36.0
2026-02-21 23:31:07,Teen Giant Panda,37.67
2026-02-21 23:31:07,Post-Teen Giant Panda,43.61
2026-02-21 23:31:07,Junior Giant Panda,36.2
2026-02-21 23:31:07,Luminous Giant Panda,126.2
2026-02-21 23:31:07,Pre-Teen Giant Panda,39.99
2026-02-21 23:31:07,Newborn Giant Panda,35.41
2026-02-22 02:44:12,Full-Grown Giant Panda,36.98
2026-02-22 02:44:12,Newborn Giant Panda,34.95
2026-02-22 02:44:12,Full-Grown Giant Panda,39.9
2026-02-22 02:44:12,Full-Grown Giant Panda,36.67
2026-02-22 02:44:12,Teen Giant Panda,37.67
2026-02-22 02:44:12,Junior Giant Panda,36.2
2026-02-22 02:44:12,Post-Teen Giant Panda,43.61
2026-02-22 02:44:12,Luminous Giant Panda,117.0
2026-02-22 02:44:12,Pre-Teen Giant Panda,39.99
2026-02-22 02:44:12,Newborn Giant Panda,36.92
2026-02-22 04:54:56,Full-Grown Giant Panda,34.89
2026-02-22 04:54:56,Newborn Giant Panda,34.0
2026-02-22 04:54:56,Full-Grown Giant Panda,39.7
2026-02-22 04:54:56,Full-Grown Giant Panda,36.6
2026-02-22 04:54:56,Teen Giant Panda,36.0
2026-02-22 04:54:56,Junior Giant Panda,34.9
2026-02-22 04:54:56,Pre-Teen Giant Panda,38.0
2026-02-22 04:54:56,Post-Teen Giant Panda,43.61
2026-02-22 04:54:56,Luminous Giant Panda,116.9
2026-02-22 04:54:56,Pre-Teen Giant Panda,38.12
2026-02-22 05:56:51,Full-Grown Giant Panda,34.9
2026-02-22 05:56:51,Newborn Giant Panda,31.46
2026-02-22 05:56:51,Full-Grown Giant Panda,38.0
2026-02-22 05:56:51,Full-Grown Giant Panda,36.6
2026-02-22 05:56:51,Teen Giant Panda,34.9
2026-02-22 05:56:51,Junior Giant Panda,34.9
2026-02-22 05:56:51,Pre-Teen Giant Panda,38.0
2026-02-22 05:56:51,Post-Teen Giant Panda,43.61
2026-02-22 05:56:51,Luminous Giant Panda,117.0
2026-02-22 05:56:51,Pre-Teen Giant Panda,37.48
2026-02-22 07:00:16,Full-Grown Giant Panda,34.9
2026-02-22 07:00:16,Newborn Giant Panda,34.8
2026-02-22 07:00:16,Full-Grown Giant Panda,38.0
2026-02-22 07:00:16,Full-Grown Giant Panda,36.6
2026-02-22 07:00:16,Teen Giant Panda,34.9
2026-02-22 07:00:16,Junior Giant Panda,34.9
2026-02-22 07:00:16,Pre-Teen Giant Panda,34.89
2026-02-22 07:00:16,Post-Teen Giant Panda,43.61
2026-02-22 07:00:16,Luminous Giant Panda,117.0
2026-02-22 07:00:16,Pre-Teen Giant Panda,37.48
2026-02-22 07:44:09,Full-Grown Giant Panda,34.9
2026-02-22 07:44:09,Newborn Giant Panda,34.8
2026-02-22 07:44:09,Full-Grown Giant Panda,38.0
2026-02-22 07:44:09,Full-Grown Giant Panda,36.6
2026-02-22 07:44:09,Teen Giant Panda,34.9
2026-02-22 07:44:09,Junior Giant Panda,34.9
2026-02-22 07:44:09,Pre-Teen Giant Panda,34.89
2026-02-22 07:44:09,Post-Teen Giant Panda,43.61
2026-02-22 07:44:09,Luminous Giant Panda,117.0
2026-02-22 07:44:09,Post-Teen Giant Panda,43.7
2026-02-22 08:40:31,Full-Grown Giant Panda,34.89
2026-02-22 08:40:31,Newborn Giant Panda,34.7
2026-02-22 08:40:31,Full-Grown Giant Panda,37.5
2026-02-22 08:40:31,Full-Grown Giant Panda,35.0
2026-02-22 08:40:31,Teen Giant Panda,34.9
2026-02-22 08:40:31,Junior Giant Panda,34.7
2026-02-22 08:40:31,Pre-Teen Giant Panda,34.89
2026-02-22 08:40:31,Post-Teen Giant Panda,43.61
2026-02-22 08:40:31,Luminous Giant Panda,117.0
2026-02-22 08:40:31,Post-Teen Giant Panda,43.7
2026-02-22 09:38:21,Full-Grown Giant Panda,34.89
2026-02-22 09:38:21,Newborn Giant Panda,34.7
2026-02-22 09:38:21,Full-Grown Giant Panda,37.99
2026-02-22 09:38:21,Full-Grown Giant Panda,34.6
2026-02-22 09:38:21,Teen Giant Panda,34.9
2026-02-22 09:38:21,Junior Giant Panda,34.7
2026-02-22 09:38:21,Pre-Teen Giant Panda,34.89
2026-02-22 09:38:21,Post-Teen Giant Panda,43.61
2026-02-22 09:38:21,Luminous Giant Panda,117.0
2026-02-22 09:38:21,Post-Teen Giant Panda,40.0
2026-02-22 10:33:20,Full-Grown Giant Panda,34.89
2026-02-22 10:33:20,Newborn Giant Panda,34.7
2026-02-22 10:33:20,Full-Grown Giant Panda,37.99
2026-02-22 10:33:20,Full-Grown Giant Panda,34.6
2026-02-22 10:33:20,Teen Giant Panda,34.9
2026-02-22 10:33:20,Junior Giant Panda,34.7
2026-02-22 10:33:20,Pre-Teen Giant Panda,34.89
2026-02-22 10:33:20,Post-Teen Giant Panda,43.61
2026-02-22 10:33:20,Luminous Giant Panda,117.0
2026-02-22 10:33:20,Post-Teen Giant Panda,40.0
2026-02-22 11:28:12,Full-Grown Giant Panda,34.85
2026-02-22 11:28:12,Newborn Giant Panda,34.2
2026-02-22 11:28:12,Full-Grown Giant Panda,37.38
2026-02-22 11:28:12,Full-Grown Giant Panda,34.6
2026-02-22 11:28:12,Teen Giant Panda,34.9
2026-02-22 11:28:12,Junior Giant Panda,32.2
2026-02-22 11:28:12,Pre-Teen Giant Panda,34.89
2026-02-22 11:28:12,Post-Teen Giant Panda,43.61
2026-02-22 11:28:12,Luminous Giant Panda,117.0
2026-02-22 11:28:12,Post-Teen Giant Panda,40.0
2026-02-22 13:03:45,Full-Grown Giant Panda,34.84
2026-02-22 13:03:45,Newborn Giant Panda,34.18
2026-02-22 13:03:45,Full-Grown Giant Panda,34.57
2026-02-22 13:03:45,Full-Grown Giant Panda,33.43
2026-02-22 13:03:45,Teen Giant Panda,34.9
2026-02-22 13:03:45,Junior Giant Panda,34.7
2026-02-22 13:03:45,Pre-Teen Giant Panda,34.89
2026-02-22 13:03:45,Post-Teen Giant Panda,43.61
2026-02-22 13:03:45,Luminous Giant Panda,116.9
2026-02-22 13:03:45,Post-Teen Giant Panda,40.0
2026-02-22 14:33:06,Full-Grown Giant Panda,34.75
2026-02-22 14:33:06,Newborn Giant Panda,33.0
2026-02-22 14:33:06,Full-Grown Giant Panda,34.48
2026-02-22 14:33:06,Full-Grown Giant Panda,33.23
2026-02-22 14:33:06,Teen Giant Panda,34.9
2026-02-22 14:33:06,Junior Giant Panda,34.7
2026-02-22 14:33:06,Pre-Teen Giant Panda,34.89
2026-02-22 14:33:06,Post-Teen Giant Panda,43.61
2026-02-22 14:33:06,Luminous Giant Panda,116.88
2026-02-22 14:33:06,Post-Teen Giant Panda,40.0
2026-02-22 15:32:32,Full-Grown Giant Panda,34.75
2026-02-22 15:32:32,Newborn Giant Panda,33.0
2026-02-22 15:32:32,Full-Grown Giant Panda,34.45
2026-02-22 15:32:32,Full-Grown Giant Panda,33.1
2026-02-22 15:32:32,Teen Giant Panda,34.9
2026-02-22 15:32:32,Junior Giant Panda,34.7
2026-02-22 15:32:32,Pre-Teen Giant Panda,34.89
2026-02-22 15:32:32,Post-Teen Giant Panda,43.61
2026-02-22 15:32:32,Luminous Giant Panda,116.86
2026-02-22 15:32:32,Post-Teen Giant Panda,40.0
2026-02-22 16:38:52,Full-Grown Giant Panda,33.74
2026-02-22 16:38:52,Newborn Giant Panda,30.8
2026-02-22 16:38:52,Full-Grown Giant Panda,34.45
2026-02-22 16:38:52,Full-Grown Giant Panda,33.1
2026-02-22 16:38:52,Teen Giant Panda,34.9
2026-02-22 16:38:52,Junior Giant Panda,34.7
2026-02-22 16:38:52,Pre-Teen Giant Panda,34.89
2026-02-22 16:38:52,Post-Teen Giant Panda,43.61
2026-02-22 16:38:52,Luminous Giant Panda,116.75
2026-02-22 16:38:52,Post-Teen Giant Panda,40.0
2026-02-22 17:31:22,Full-Grown Giant Panda,33.74
2026-02-22 17:31:22,Newborn Giant Panda,33.0
2026-02-22 17:31:22,Full-Grown Giant Panda,34.41
2026-02-22 17:31:22,Full-Grown Giant Panda,33.1
2026-02-22 17:31:22,Teen Giant Panda,34.9
2026-02-22 17:31:22,Junior Giant Panda,33.0
2026-02-22 17:31:22,Pre-Teen Giant Panda,34.89
2026-02-22 17:31:22,Post-Teen Giant Panda,43.61
2026-02-22 17:31:22,Luminous Giant Panda,116.75
2026-02-22 17:31:22,Post-Teen Giant Panda,40.0
2026-02-22 18:45:03,Full-Grown Giant Panda,33.72
2026-02-22 18:45:03,Newborn Giant Panda,33.0
2026-02-22 18:45:03,Full-Grown Giant Panda,34.47
2026-02-22 18:45:03,Full-Grown Giant Panda,33.24
2026-02-22 18:45:03,Teen Giant Panda,34.9
2026-02-22 18:45:03,Pre-Teen Giant Panda,34.89
2026-02-22 18:45:03,Post-Teen Giant Panda,43.64
2026-02-22 18:45:03,Luminous Giant Panda,116.8
2026-02-22 18:45:03,Post-Teen Giant Panda,40.0
2026-02-22 18:45:03,Newborn Giant Panda,32.4
2026-02-22 19:31:57,Full-Grown Giant Panda,33.7
2026-02-22 19:31:57,Newborn Giant Panda,33.0
2026-02-22 19:31:57,Full-Grown Giant Panda,34.47
2026-02-22 19:31:57,Full-Grown Giant Panda,35.41
2026-02-22 19:31:57,Teen Giant Panda,34.9
2026-02-22 19:31:57,Junior Giant Panda,33.0
2026-02-22 19:31:57,Pre-Teen Giant Panda,34.89
2026-02-22 19:31:57,Luminous Giant Panda,116.8
2026-02-22 19:31:57,Post-Teen Giant Panda,43.64
2026-02-22 19:31:57,Post-Teen Giant Panda,40.0
2026-02-22 20:35:10,Full-Grown Giant Panda,30.7
2026-02-22 20:35:10,Newborn Giant Panda,32.99
2026-02-22 20:35:10,Full-Grown Giant Panda,34.4
2026-02-22 20:35:10,Full-Grown Giant Panda,35.41
2026-02-22 20:35:10,Teen Giant Panda,33.9
2026-02-22 20:35:10,Pre-Teen Giant Panda,34.89
2026-02-22 20:35:10,Luminous Giant Panda,120.0
2026-02-22 20:35:10,Post-Teen Giant Panda,43.64
2026-02-22 20:35:10,Newborn Giant Panda,32.68
2026-02-22 20:35:10,Post-Teen Giant Panda,34.0
2026-02-22 21:31:35,Full-Grown Giant Panda,30.7
2026-02-22 21:31:35,Newborn Giant Panda,31.28
2026-02-22 21:31:35,Full-Grown Giant Panda,37.5
2026-02-22 21:31:35,Full-Grown Giant Panda,37.67
2026-02-22 21:31:35,Teen Giant Panda,33.9
2026-02-22 21:31:35,Luminous Giant Panda,115.0
2026-02-22 21:31:35,Pre-Teen Giant Panda,34.89
2026-02-22 21:31:35,Post-Teen Giant Panda,43.64
2026-02-22 21:31:35,Newborn Giant Panda,32.68
2026-02-22 21:31:35,Post-Teen Giant Panda,34.0
2026-02-22 22:32:01,Full-Grown Giant Panda,32.0
2026-02-22 22:32:01,Newborn Giant Panda,31.28
2026-02-22 22:32:01,Full-Grown Giant Panda,36.16
2026-02-22 22:32:01,Full-Grown Giant Panda,37.67
2026-02-22 22:32:01,Teen Giant Panda,33.9
2026-02-22 22:32:01,Luminous Giant Panda,115.0
2026-02-22 22:32:01,Pre-Teen Giant Panda,34.89
2026-02-22 22:32:01,Post-Teen Giant Panda,41.28
2026-02-22 22:32:01,Newborn Giant Panda,32.68
2026-02-22 22:32:01,Post-Teen Giant Panda,34.0
2026-02-22 23:33:02,Full-Grown Giant Panda,30.7
2026-02-22 23:33:02,Newborn Giant Panda,31.28
2026-02-22 23:33:02,Full-Grown Giant Panda,36.16
2026-02-22 23:33:02,Full-Grown Giant Panda,36.92
2026-02-22 23:33:02,Teen Giant Panda,33.9
2026-02-22 23:33:02,Luminous Giant Panda,115.0
2026-02-22 23:33:02,Pre-Teen Giant Panda,34.89
2026-02-22 23:33:02,Post-Teen Giant Panda,41.28
2026-02-22 23:33:02,Newborn Giant Panda,32.68
2026-02-22 23:33:02,Post-Teen Giant Panda,34.0
2026-02-23 02:44:45,Full-Grown Giant Panda,30.7
2026-02-23 02:44:45,Newborn Giant Panda,31.28
2026-02-23 02:44:45,Full-Grown Giant Panda,34.99
2026-02-23 02:44:45,Full-Grown Giant Panda,31.9
2026-02-23 02:44:45,Luminous Giant Panda,150.65
2026-02-23 02:44:45,Junior Giant Panda,30.6
2026-02-23 02:44:45,Pre-Teen Giant Panda,34.89
2026-02-23 02:44:45,Post-Teen Giant Panda,41.28
2026-02-23 02:44:45,Teen Giant Panda,33.9
2026-02-23 02:44:45,Newborn Giant Panda,34.51
2026-02-23 05:04:26,Full-Grown Giant Panda,33.6
2026-02-23 05:04:26,Newborn Giant Panda,31.27
2026-02-23 05:04:26,Full-Grown Giant Panda,34.98
2026-02-23 05:04:26,Full-Grown Giant Panda,33.34
2026-02-23 05:04:26,Junior Giant Panda,31.26
2026-02-23 05:04:26,Luminous Giant Panda,150.65
2026-02-23 05:04:26,Pre-Teen Giant Panda,34.89
2026-02-23 05:04:26,Post-Teen Giant Panda,41.28
2026-02-23 05:04:26,Teen Giant Panda,31.26
2026-02-23 05:04:26,Newborn Giant Panda,34.49
2026-02-23 07:14:24,Full-Grown Giant Panda,33.6
2026-02-23 07:14:24,Newborn Giant Panda,31.28
2026-02-23 07:14:24,Full-Grown Giant Panda,35.45
2026-02-23 07:14:24,Full-Grown Giant Panda,35.12
2026-02-23 07:14:24,Luminous Giant Panda,150.65
2026-02-23 07:14:24,Junior Giant Panda,31.26
2026-02-23 07:14:24,Pre-Teen Giant Panda,34.89
2026-02-23 07:14:24,Post-Teen Giant Panda,37.67
2026-02-23 07:14:24,Teen Giant Panda,32.23
2026-02-23 07:14:24,Newborn Giant Panda,34.5
2026-02-23 08:58:26,Full-Grown Giant Panda,33.6
2026-02-23 08:58:26,Newborn Giant Panda,31.19
2026-02-23 08:58:26,Full-Grown Giant Panda,34.4
2026-02-23 08:58:26,Full-Grown Giant Panda,35.14
2026-02-23 08:58:26,Luminous Giant Panda,148.99
2026-02-23 08:58:26,Junior Giant Panda,31.26
2026-02-23 08:58:26,Pre-Teen Giant Panda,34.89
2026-02-23 08:58:26,Post-Teen Giant Panda,37.67
2026-02-23 08:58:26,Teen Giant Panda,32.23
2026-02-23 08:58:26,Newborn Giant Panda,34.46
2026-02-23 10:05:50,Full-Grown Giant Panda,33.6
2026-02-23 10:05:50,Newborn Giant Panda,31.27
2026-02-23 10:05:50,Full-Grown Giant Panda,34.39
2026-02-23 10:05:50,Full-Grown Giant Panda,35.06
2026-02-23 10:05:50,Luminous Giant Panda,148.99
2026-02-23 10:05:50,Junior Giant Panda,31.26
2026-02-23 10:05:50,Pre-Teen Giant Panda,34.89
2026-02-23 10:05:50,Teen Giant Panda,32.23
2026-02-23 10:05:50,Post-Teen Giant Panda,37.67
2026-02-23 10:05:50,Newborn Giant Panda,34.43
2026-02-23 11:43:26,Full-Grown Giant Panda,33.6
2026-02-23 11:43:26,Newborn Giant Panda,31.27
2026-02-23 11:43:26,Full-Grown Giant Panda,34.4
2026-02-23 11:43:26,Full-Grown Giant Panda,35.0
2026-02-23 11:43:26,Luminous Giant Panda,148.99
2026-02-23 11:43:26,Junior Giant Panda,31.26
2026-02-23 11:43:26,Pre-Teen Giant Panda,34.89
2026-02-23 11:43:26,Teen Giant Panda,32.23
2026-02-23 11:43:26,Post-Teen Giant Panda,37.67
2026-02-23 11:43:26,Newborn Giant Panda,34.37
2026-02-23 13:19:49,Full-Grown Giant Panda,33.6
2026-02-23 13:19:49,Newborn Giant Panda,31.27
2026-02-23 13:19:49,Full-Grown Giant Panda,34.39
2026-02-23 13:19:49,Full-Grown Giant Panda,34.99
2026-02-23 13:19:49,Luminous Giant Panda,148.98
2026-02-23 13:19:49,Junior Giant Panda,31.26
2026-02-23 13:19:49,Pre-Teen Giant Panda,34.89
2026-02-23 13:19:49,Teen Giant Panda,32.23
2026-02-23 13:19:49,Post-Teen Giant Panda,37.67
2026-02-23 13:19:49,Newborn Giant Panda,34.37
2026-02-23 14:55:12,Full-Grown Giant Panda,31.25
2026-02-23 14:55:12,Newborn Giant Panda,31.27
2026-02-23 14:55:12,Full-Grown Giant Panda,34.39
2026-02-23 14:55:12,Full-Grown Giant Panda,33.79
2026-02-23 14:55:12,Luminous Giant Panda,148.95
2026-02-23 14:55:12,Junior Giant Panda,33.34
2026-02-23 14:55:12,Pre-Teen Giant Panda,34.89
2026-02-23 14:55:12,Teen Giant Panda,32.23
2026-02-23 14:55:12,Post-Teen Giant Panda,37.67
2026-02-23 14:55:12,Newborn Giant Panda,33.78
2026-02-23 15:54:08,Full-Grown Giant Panda,31.25
2026-02-23 15:54:08,Newborn Giant Panda,31.26
2026-02-23 15:54:08,Full-Grown Giant Panda,34.37
2026-02-23 15:54:08,Full-Grown Giant Panda,35.06
2026-02-23 15:54:08,Junior Giant Panda,33.34
2026-02-23 15:54:08,Luminous Giant Panda,140.0
2026-02-23 15:54:08,Pre-Teen Giant Panda,34.89
2026-02-23 15:54:08,Teen Giant Panda,32.23
2026-02-23 15:54:08,Post-Teen Giant Panda,37.67
2026-02-23 15:54:08,Newborn Giant Panda,41.0
2026-02-23 17:06:46,Full-Grown Giant Panda,31.25
2026-02-23 17:06:46,Newborn Giant Panda,31.25
2026-02-23 17:06:46,Full-Grown Giant Panda,33.93
2026-02-23 17:06:46,Full-Grown Giant Panda,35.06
2026-02-23 17:06:46,Junior Giant Panda,33.34
2026-02-23 17:06:46,Luminous Giant Panda,139.94
2026-02-23 17:06:46,Pre-Teen Giant Panda,34.89
2026-02-23 17:06:46,Teen Giant Panda,32.23
2026-02-23 17:06:46,Post-Teen Giant Panda,37.67
2026-02-23 17:06:46,Newborn Giant Panda,38.0
2026-02-23 19:13:20,Full-Grown Giant Panda,31.25
2026-02-23 19:13:20,Newborn Giant Panda,31.23
2026-02-23 19:13:20,Full-Grown Giant Panda,33.47
2026-02-23 19:13:20,Full-Grown Giant Panda,34.53
2026-02-23 19:13:20,Luminous Giant Panda,139.92
2026-02-23 19:13:20,Junior Giant Panda,33.34
2026-02-23 19:13:20,Pre-Teen Giant Panda,36.29
2026-02-23 19:13:20,Teen Giant Panda,32.23
2026-02-23 19:13:20,Post-Teen Giant Panda,37.67
2026-02-23 19:13:20,Newborn Giant Panda,36.29
2026-02-23 21:01:54,Full-Grown Giant Panda,31.25
2026-02-23 21:01:54,Newborn Giant Panda,31.22
2026-02-23 21:01:54,Full-Grown Giant Panda,33.5
2026-02-23 21:01:54,Full-Grown Giant Panda,34.53
2026-02-23 21:01:54,Luminous Giant Panda,139.83
2026-02-23 21:01:54,Junior Giant Panda,33.34
2026-02-23 21:01:54,Pre-Teen Giant Panda,36.27
2026-02-23 21:01:54,Teen Giant Panda,32.23
2026-02-23 21:01:54,Post-Teen Giant Panda,37.67
2026-02-23 21:01:54,Newborn Giant Panda,36.27
2026-02-23 21:54:33,Full-Grown Giant Panda,31.25
2026-02-23 21:54:33,Newborn Giant Panda,31.22
2026-02-23 21:54:33,Full-Grown Giant Panda,33.84
2026-02-23 21:54:33,Full-Grown Giant Panda,34.53
2026-02-23 21:54:33,Luminous Giant Panda,139.79
2026-02-23 21:54:33,Junior Giant Panda,33.34
2026-02-23 21:54:33,Pre-Teen Giant Panda,36.26
2026-02-23 21:54:33,Teen Giant Panda,34.85
2026-02-23 21:54:33,Post-Teen Giant Panda,36.17
2026-02-23 21:54:33,Newborn Giant Panda,36.26
2026-02-23 22:50:38,Full-Grown Giant Panda,33.6
2026-02-23 22:50:38,Newborn Giant Panda,31.22
2026-02-23 22:50:38,Full-Grown Giant Panda,33.84
2026-02-23 22:50:38,Full-Grown Giant Panda,34.53
2026-02-23 22:50:38,Luminous Giant Panda,139.73
2026-02-23 22:50:38,Junior Giant Panda,33.34
2026-02-23 22:50:38,Pre-Teen Giant Panda,36.26
2026-02-23 22:50:38,Teen Giant Panda,34.85
2026-02-23 22:50:38,Post-Teen Giant Panda,36.17
2026-02-23 22:50:38,Newborn Giant Panda,36.88
2026-02-23 23:39:00,Full-Grown Giant Panda,33.6
2026-02-23 23:39:00,Newborn Giant Panda,31.21
2026-02-23 23:39:00,Full-Grown Giant Panda,32.91
2026-02-23 23:39:00,Full-Grown Giant Panda,33.99
2026-02-23 23:39:00,Luminous Giant Panda,139.69
2026-02-23 23:39:00,Junior Giant Panda,33.33
2026-02-23 23:39:00,Pre-Teen Giant Panda,36.27
2026-02-23 23:39:00,Teen Giant Panda,31.2
2026-02-23 23:39:00,Post-Teen Giant Panda,36.17
2026-02-23 23:39:00,Newborn Giant Panda,33.96
2026-02-24 02:45:50,Full-Grown Giant Panda,33.6
2026-02-24 02:45:50,Newborn Giant Panda,31.22
2026-02-24 02:45:50,Full-Grown Giant Panda,37.4
2026-02-24 02:45:50,Full-Grown Giant Panda,32.7
2026-02-24 02:45:50,Luminous Giant Panda,139.64
2026-02-24 02:45:50,Junior Giant Panda,31.19
2026-02-24 02:45:50,Pre-Teen Giant Panda,36.24
2026-02-24 02:45:50,Newborn Giant Panda,31.2
2026-02-24 02:45:50,Post-Teen Giant Panda,36.17
2026-02-24 02:45:50,Teen Giant Panda,31.2
2026-02-24 04:57:42,Full-Grown Giant Panda,33.6
2026-02-24 04:57:42,Newborn Giant Panda,31.2
2026-02-24 04:57:42,Full-Grown Giant Panda,38.5
2026-02-24 04:57:42,Full-Grown Giant Panda,32.71
2026-02-24 04:57:42,Luminous Giant Panda,139.5
2026-02-24 04:57:42,Junior Giant Panda,31.0
2026-02-24 04:57:42,Pre-Teen Giant Panda,31.19
2026-02-24 04:57:42,Newborn Giant Panda,33.48
2026-02-24 04:57:42,Post-Teen Giant Panda,36.17
2026-02-24 04:57:42,Teen Giant Panda,31.2
2026-02-24 06:06:00,Full-Grown Giant Panda,33.6
2026-02-24 06:06:00,Newborn Giant Panda,31.22
2026-02-24 06:06:00,Full-Grown Giant Panda,37.0
2026-02-24 06:06:00,Full-Grown Giant Panda,32.7
2026-02-24 06:06:00,Luminous Giant Panda,139.5
2026-02-24 06:06:00,Junior Giant Panda,33.34
2026-02-24 06:06:00,Pre-Teen Giant Panda,36.23
2026-02-24 06:06:00,Newborn Giant Panda,33.48
2026-02-24 06:06:00,Post-Teen Giant Panda,36.44
2026-02-24 06:06:00,Teen Giant Panda,34.85
2026-02-24 07:55:13,Full-Grown Giant Panda,33.6
2026-02-24 07:55:13,Newborn Giant Panda,33.38
2026-02-24 07:55:13,Full-Grown Giant Panda,37.0
2026-02-24 07:55:13,Full-Grown Giant Panda,33.4
2026-02-24 07:55:13,Luminous Giant Panda,139.5
2026-02-24 07:55:13,Junior Giant Panda,33.34
2026-02-24 07:55:13,Pre-Teen Giant Panda,36.24
2026-02-24 07:55:13,Newborn Giant Panda,33.48
2026-02-24 07:55:13,Teen Giant Panda,34.85
2026-02-24 07:55:13,Post-Teen Giant Panda,34.64
2026-02-24 08:58:04,Full-Grown Giant Panda,33.6
2026-02-24 08:58:04,Newborn Giant Panda,33.38
2026-02-24 08:58:04,Full-Grown Giant Panda,37.0
2026-02-24 08:58:04,Full-Grown Giant Panda,33.4
2026-02-24 08:58:04,Luminous Giant Panda,139.5
2026-02-24 08:58:04,Junior Giant Panda,32.99
2026-02-24 08:58:04,Pre-Teen Giant Panda,35.02
2026-02-24 08:58:04,Newborn Giant Panda,33.48
2026-02-24 08:58:04,Teen Giant Panda,34.85
2026-02-24 08:58:04,Post-Teen Giant Panda,34.64
2026-02-24 10:02:18,Full-Grown Giant Panda,33.6
2026-02-24 10:02:18,Newborn Giant Panda,34.16
2026-02-24 10:02:18,Full-Grown Giant Panda,37.0
2026-02-24 10:02:18,Full-Grown Giant Panda,33.4
2026-02-24 10:02:18,Luminous Giant Panda,139.5
2026-02-24 10:02:18,Junior Giant Panda,32.99
2026-02-24 10:02:18,Pre-Teen Giant Panda,35.02
2026-02-24 10:02:18,Newborn Giant Panda,33.48
2026-02-24 10:02:18,Teen Giant Panda,34.85
2026-02-24 10:02:18,Post-Teen Giant Panda,34.92
2026-02-24 11:44:53,Full-Grown Giant Panda,30.99
2026-02-24 11:44:53,Newborn Giant Panda,33.91
2026-02-24 11:44:53,Full-Grown Giant Panda,36.9
2026-02-24 11:44:53,Full-Grown Giant Panda,33.74
2026-02-24 11:44:53,Luminous Giant Panda,139.4
2026-02-24 11:44:53,Junior Giant Panda,32.99
2026-02-24 11:44:53,Pre-Teen Giant Panda,34.99
2026-02-24 11:44:53,Newborn Giant Panda,33.4
2026-02-24 11:44:53,Teen Giant Panda,34.85
2026-02-24 11:44:53,Post-Teen Giant Panda,34.1
2026-02-24 13:21:06,Full-Grown Giant Panda,30.99
2026-02-24 13:21:06,Newborn Giant Panda,33.91
2026-02-24 13:21:06,Full-Grown Giant Panda,35.26
2026-02-24 13:21:06,Full-Grown Giant Panda,33.74
2026-02-24 13:21:06,Luminous Giant Panda,139.29
2026-02-24 13:21:06,Junior Giant Panda,32.99
2026-02-24 13:21:06,Pre-Teen Giant Panda,34.99
2026-02-24 13:21:06,Newborn Giant Panda,34.99
2026-02-24 13:21:06,Teen Giant Panda,34.85
2026-02-24 13:21:06,Post-Teen Giant Panda,43.61
2026-02-24 14:57:32,Full-Grown Giant Panda,34.35
2026-02-24 14:57:32,Newborn Giant Panda,34.16
2026-02-24 14:57:32,Full-Grown Giant Panda,35.25
2026-02-24 14:57:32,Full-Grown Giant Panda,34.16
2026-02-24 14:57:32,Luminous Giant Panda,139.2
2026-02-24 14:57:32,Junior Giant Panda,33.34
2026-02-24 14:57:32,Pre-Teen Giant Panda,34.97
2026-02-24 14:57:32,Newborn Giant Panda,38.0
2026-02-24 14:57:32,Teen Giant Panda,34.85
2026-02-24 14:57:32,Post-Teen Giant Panda,43.58
2026-02-24 16:07:32,Full-Grown Giant Panda,36.44
2026-02-24 16:07:32,Newborn Giant Panda,33.91
2026-02-24 16:07:32,Full-Grown Giant Panda,35.26
2026-02-24 16:07:32,Full-Grown Giant Panda,34.16
2026-02-24 16:07:32,Luminous Giant Panda,139.2
2026-02-24 16:07:32,Junior Giant Panda,33.34
2026-02-24 16:07:32,Pre-Teen Giant Panda,34.97
2026-02-24 16:07:32,Newborn Giant Panda,38.0
2026-02-24 16:07:32,Teen Giant Panda,34.85
2026-02-24 16:07:32,Post-Teen Giant Panda,43.59
2026-02-24 18:01:28,Full-Grown Giant Panda,36.44
2026-02-24 18:01:28,Newborn Giant Panda,33.91
2026-02-24 18:01:28,Full-Grown Giant Panda,35.26
2026-02-24 18:01:28,Full-Grown Giant Panda,35.85
2026-02-24 18:01:28,Junior Giant Panda,35.02
2026-02-24 18:01:28,Luminous Giant Panda,139.06
2026-02-24 18:01:28,Newborn Giant Panda,38.0
2026-02-24 18:01:28,Pre-Teen Giant Panda,36.26
2026-02-24 18:01:28,Teen Giant Panda,34.85
2026-02-24 18:01:28,Post-Teen Giant Panda,43.63
2026-02-24 19:51:00,Full-Grown Giant Panda,39.97
2026-02-24 19:51:00,Newborn Giant Panda,33.91
2026-02-24 19:51:00,Full-Grown Giant Panda,36.08
2026-02-24 19:51:00,Full-Grown Giant Panda,35.8
2026-02-24 19:51:00,Junior Giant Panda,34.92
2026-02-24 19:51:00,Luminous Giant Panda,139.05
2026-02-24 19:51:00,Newborn Giant Panda,38.0
2026-02-24 19:51:00,Teen Giant Panda,38.0
2026-02-24 19:51:00,Post-Teen Giant Panda,43.62
2026-02-24 19:51:00,Pre-Teen Giant Panda,37.96
2026-02-24 20:43:45,Full-Grown Giant Panda,39.97
2026-02-24 20:43:45,Newborn Giant Panda,33.9
2026-02-24 20:43:45,Full-Grown Giant Panda,34.78
2026-02-24 20:43:45,Full-Grown Giant Panda,35.85
2026-02-24 20:43:45,Junior Giant Panda,34.92
2026-02-24 20:43:45,Luminous Giant Panda,139.05
2026-02-24 20:43:45,Newborn Giant Panda,38.0
2026-02-24 20:43:45,Teen Giant Panda,38.0
2026-02-24 20:43:45,Post-Teen Giant Panda,32.64
2026-02-24 20:43:45,Pre-Teen Giant Panda,37.96
2026-02-24 21:42:20,Full-Grown Giant Panda,39.97
2026-02-24 21:42:20,Newborn Giant Panda,33.89
2026-02-24 21:42:20,Full-Grown Giant Panda,34.78
2026-02-24 21:42:20,Full-Grown Giant Panda,34.0
2026-02-24 21:42:20,Junior Giant Panda,34.92
2026-02-24 21:42:20,Luminous Giant Panda,138.96
2026-02-24 21:42:20,Pre-Teen Giant Panda,33.89
2026-02-24 21:42:20,Newborn Giant Panda,38.0
2026-02-24 21:42:20,Teen Giant Panda,38.0
2026-02-24 21:42:20,Post-Teen Giant Panda,43.59
2026-02-24 22:40:14,Full-Grown Giant Panda,33.88
2026-02-24 22:40:14,Newborn Giant Panda,33.8
2026-02-24 22:40:14,Full-Grown Giant Panda,33.97
2026-02-24 22:40:14,Full-Grown Giant Panda,33.86
2026-02-24 22:40:14,Junior Giant Panda,34.92
2026-02-24 22:40:14,Luminous Giant Panda,138.95
2026-02-24 22:40:14,Pre-Teen Giant Panda,33.89
2026-02-24 22:40:14,Newborn Giant Panda,38.0
2026-02-24 22:40:14,Teen Giant Panda,38.0
2026-02-24 22:40:14,Post-Teen Giant Panda,43.59
2026-02-24 23:39:04,Full-Grown Giant Panda,32.99
2026-02-24 23:39:04,Newborn Giant Panda,33.38
2026-02-24 23:39:04,Full-Grown Giant Panda,38.72
2026-02-24 23:39:04,Full-Grown Giant Panda,33.84
2026-02-24 23:39:04,Luminous Giant Panda,138.78
2026-02-24 23:39:04,Pre-Teen Giant Panda,33.34
2026-02-24 23:39:04,Newborn Giant Panda,33.79
2026-02-24 23:39:04,Teen Giant Panda,38.0
2026-02-24 23:39:04,Post-Teen Giant Panda,43.59
2026-02-24 23:39:04,Pre-Teen Giant Panda,37.96
2026-02-25 02:42:45,Full-Grown Giant Panda,33.0
2026-02-25 02:42:45,Newborn Giant Panda,33.39
2026-02-25 02:42:45,Full-Grown Giant Panda,35.5
2026-02-25 02:42:45,Full-Grown Giant Panda,33.66
2026-02-25 02:42:45,Luminous Giant Panda,138.69
2026-02-25 02:42:45,Newborn Giant Panda,32.77
2026-02-25 02:42:45,Post-Teen Giant Panda,43.62
2026-02-25 02:42:45,Teen Giant Panda,38.0
2026-02-25 02:42:45,Post-Teen Giant Panda,33.84
2026-02-25 02:42:45,Pre-Teen Giant Panda,37.96
2026-02-25 04:58:42,Full-Grown Giant Panda,30.5
2026-02-25 04:58:42,Newborn Giant Panda,33.38
2026-02-25 04:58:42,Full-Grown Giant Panda,34.97
2026-02-25 04:58:42,Full-Grown Giant Panda,33.65
2026-02-25 04:58:42,Newborn Giant Panda,38.0
2026-02-25 04:58:42,Luminous Giant Panda,133.97
2026-02-25 04:58:42,Post-Teen Giant Panda,43.66
2026-02-25 04:58:42,Teen Giant Panda,38.0
2026-02-25 04:58:42,Post-Teen Giant Panda,33.84
2026-02-25 04:58:42,Pre-Teen Giant Panda,39.99
2026-02-25 06:09:59,Full-Grown Giant Panda,28.99
2026-02-25 06:09:59,Newborn Giant Panda,31.95
2026-02-25 06:09:59,Full-Grown Giant Panda,34.99
2026-02-25 06:09:59,Full-Grown Giant Panda,33.3
2026-02-25 06:09:59,Newborn Giant Panda,38.0
2026-02-25 06:09:59,Luminous Giant Panda,125.0
2026-02-25 06:09:59,Post-Teen Giant Panda,43.68
2026-02-25 06:09:59,Teen Giant Panda,38.0
2026-02-25 06:09:59,Post-Teen Giant Panda,33.84
2026-02-25 06:09:59,Pre-Teen Giant Panda,39.99
2026-02-25 07:56:44,Full-Grown Giant Panda,28.0
2026-02-25 07:56:44,Newborn Giant Panda,31.9
2026-02-25 07:56:44,Full-Grown Giant Panda,34.99
2026-02-25 07:56:44,Full-Grown Giant Panda,32.96
2026-02-25 07:56:44,Newborn Giant Panda,38.0
2026-02-25 07:56:44,Luminous Giant Panda,134.89
2026-02-25 07:56:44,Post-Teen Giant Panda,43.68
2026-02-25 07:56:44,Teen Giant Panda,30.0
2026-02-25 07:56:44,Post-Teen Giant Panda,33.84
2026-02-25 07:56:44,Pre-Teen Giant Panda,39.99
2026-02-25 09:00:38,Full-Grown Giant Panda,25.0
2026-02-25 09:00:38,Newborn Giant Panda,31.9
2026-02-25 09:00:38,Full-Grown Giant Panda,34.99
2026-02-25 09:00:38,Full-Grown Giant Panda,32.89
2026-02-25 09:00:38,Pre-Teen Giant Panda,31.25
2026-02-25 09:00:38,Newborn Giant Panda,38.0
2026-02-25 09:00:38,Luminous Giant Panda,134.8
2026-02-25 09:00:38,Post-Teen Giant Panda,43.65
2026-02-25 09:00:38,Teen Giant Panda,29.0
2026-02-25 09:00:38,Post-Teen Giant Panda,33.84
2026-02-25 10:06:17,Full-Grown Giant Panda,22.0
2026-02-25 10:06:17,Newborn Giant Panda,24.0
2026-02-25 10:06:17,Full-Grown Giant Panda,34.99
2026-02-25 10:06:17,Full-Grown Giant Panda,32.0
2026-02-25 10:06:17,Pre-Teen Giant Panda,31.25
2026-02-25 10:06:17,Newborn Giant Panda,38.0
2026-02-25 10:06:17,Luminous Giant Panda,134.79
2026-02-25 10:06:17,Teen Giant Panda,29.0
2026-02-25 10:06:17,Post-Teen Giant Panda,33.84
2026-02-25 10:06:17,Pre-Teen Giant Panda,39.99
2026-02-25 11:44:07,Full-Grown Giant Panda,20.0
2026-02-25 11:44:07,Newborn Giant Panda,20.0
2026-02-25 11:44:07,Full-Grown Giant Panda,34.99
2026-02-25 11:44:07,Full-Grown Giant Panda,32.0
2026-02-25 11:44:07,Pre-Teen Giant Panda,31.34
2026-02-25 11:44:07,Luminous Giant Panda,134.78
2026-02-25 11:44:07,Newborn Giant Panda,38.0
2026-02-25 11:44:07,Teen Giant Panda,29.0
2026-02-25 11:44:07,Post-Teen Giant Panda,33.84
2026-02-25 11:44:07,Pre-Teen Giant Panda,39.99
2026-02-25 13:20:20,Full-Grown Giant Panda,21.0
2026-02-25 13:20:20,Newborn Giant Panda,26.0
2026-02-25 13:20:20,Full-Grown Giant Panda,31.99
2026-02-25 13:20:20,Full-Grown Giant Panda,29.0
2026-02-25 13:20:20,Pre-Teen Giant Panda,31.34
2026-02-25 13:20:20,Newborn Giant Panda,32.77
2026-02-25 13:20:20,Luminous Giant Panda,134.79
2026-02-25 13:20:20,Teen Giant Panda,31.0
2026-02-25 13:20:20,Pre-Teen Giant Panda,39.99
2026-02-25 13:20:20,Newborn Giant Panda,31.8
2026-02-25 14:57:37,Full-Grown Giant Panda,33.0
2026-02-25 14:57:37,Newborn Giant Panda,32.02
2026-02-25 14:57:37,Full-Grown Giant Panda,31.99
2026-02-25 14:57:37,Full-Grown Giant Panda,30.89
2026-02-25 14:57:37,Pre-Teen Giant Panda,31.34
2026-02-25 14:57:37,Luminous Giant Panda,134.7
2026-02-25 14:57:37,Newborn Giant Panda,38.0
2026-02-25 14:57:37,Teen Giant Panda,35.0
2026-02-25 14:57:37,Pre-Teen Giant Panda,39.99
2026-02-25 14:57:37,Teen Giant Panda,34.9
2026-02-25 16:14:01,Full-Grown Giant Panda,31.3
2026-02-25 16:14:01,Newborn Giant Panda,32.01
2026-02-25 16:14:01,Full-Grown Giant Panda,33.98
2026-02-25 16:14:01,Full-Grown Giant Panda,31.5
2026-02-25 16:14:01,Junior Giant Panda,35.04
2026-02-25 16:14:01,Newborn Giant Panda,38.0
2026-02-25 16:14:01,Luminous Giant Panda,134.69
2026-02-25 16:14:01,Teen Giant Panda,34.0
2026-02-25 16:14:01,Pre-Teen Giant Panda,39.99
2026-02-25 16:14:01,Teen Giant Panda,34.9
2026-02-25 18:04:14,Full-Grown Giant Panda,31.2
2026-02-25 18:04:14,Newborn Giant Panda,32.02
2026-02-25 18:04:14,Full-Grown Giant Panda,34.0
2026-02-25 18:04:14,Full-Grown Giant Panda,31.0
2026-02-25 18:04:14,Junior Giant Panda,35.07
2026-02-25 18:04:14,Newborn Giant Panda,38.0
2026-02-25 18:04:14,Luminous Giant Panda,134.79
2026-02-25 18:04:14,Teen Giant Panda,34.0
2026-02-25 18:04:14,Post-Teen Giant Panda,31.19
2026-02-25 18:04:14,Pre-Teen Giant Panda,39.99
2026-02-25 19:51:53,Full-Grown Giant Panda,31.2
2026-02-25 19:51:53,Newborn Giant Panda,32.02
2026-02-25 19:51:53,Full-Grown Giant Panda,34.0
2026-02-25 19:51:53,Full-Grown Giant Panda,32.0
2026-02-25 19:51:53,Junior Giant Panda,35.06
2026-02-25 19:51:53,Luminous Giant Panda,134.79
2026-02-25 19:51:53,Newborn Giant Panda,38.0
2026-02-25 19:51:53,Teen Giant Panda,31.2
2026-02-25 19:51:53,Pre-Teen Giant Panda,39.99
2026-02-25 19:51:53,Teen Giant Panda,34.9
2026-02-25 20:42:37,Full-Grown Giant Panda,31.31
2026-02-25 20:42:37,Newborn Giant Panda,33.0
2026-02-25 20:42:37,Full-Grown Giant Panda,34.0
2026-02-25 20:42:37,Full-Grown Giant Panda,32.0
2026-02-25 20:42:37,Junior Giant Panda,35.06
2026-02-25 20:42:37,Luminous Giant Panda,134.79
2026-02-25 20:42:37,Newborn Giant Panda,38.0
2026-02-25 20:42:37,Teen Giant Panda,34.0
2026-02-25 20:42:37,Pre-Teen Giant Panda,39.99
2026-02-25 20:42:37,Teen Giant Panda,34.9
2026-02-25 21:40:31,Full-Grown Giant Panda,31.31
2026-02-25 21:40:31,Newborn Giant Panda,33.0
2026-02-25 21:40:31,Full-Grown Giant Panda,37.29
2026-02-25 21:40:31,Full-Grown Giant Panda,33.13
2026-02-25 21:40:31,Junior Giant Panda,35.06
2026-02-25 21:40:31,Luminous Giant Panda,134.79
2026-02-25 21:40:31,Newborn Giant Panda,30.89
2026-02-25 21:40:31,Teen Giant Panda,31.0
2026-02-25 21:40:31,Pre-Teen Giant Panda,39.99
2026-02-25 21:40:31,Teen Giant Panda,34.9
2026-02-25 22:40:38,Full-Grown Giant Panda,33.0
2026-02-25 22:40:38,Newborn Giant Panda,33.0
2026-02-25 22:40:38,Full-Grown Giant Panda,37.4
2026-02-25 22:40:38,Full-Grown Giant Panda,32.0
2026-02-25 22:40:38,Luminous Giant Panda,134.78
2026-02-25 22:40:38,Newborn Giant Panda,38.0
2026-02-25 22:40:38,Teen Giant Panda,34.0
2026-02-25 22:40:38,Pre-Teen Giant Panda,39.99
2026-02-25 22:40:38,Newborn Giant Panda,33.0
2026-02-25 22:40:38,Teen Giant Panda,34.9
2026-02-25 23:35:59,Full-Grown Giant Panda,31.33
2026-02-25 23:35:59,Newborn Giant Panda,32.0
2026-02-25 23:35:59,Full-Grown Giant Panda,37.4
2026-02-25 23:35:59,Full-Grown Giant Panda,33.41
2026-02-25 23:35:59,Luminous Giant Panda,133.98
2026-02-25 23:35:59,Newborn Giant Panda,43.7
2026-02-25 23:35:59,Teen Giant Panda,34.0
2026-02-25 23:35:59,Post-Teen Giant Panda,31.0
2026-02-25 23:35:59,Pre-Teen Giant Panda,39.99
2026-02-25 23:35:59,Newborn Giant Panda,33.0
2026-02-26 02:37:46,Full-Grown Giant Panda,33.0
2026-02-26 02:37:46,Newborn Giant Panda,32.0
2026-02-26 02:37:46,Full-Grown Giant Panda,30.0
2026-02-26 02:37:46,Full-Grown Giant Panda,33.5
2026-02-26 02:37:46,Junior Giant Panda,34.49
2026-02-26 02:37:46,Newborn Giant Panda,43.7
2026-02-26 02:37:46,Luminous Giant Panda,133.89
2026-02-26 02:37:46,Post-Teen Giant Panda,34.49
2026-02-26 02:37:46,Newborn Giant Panda,33.0
2026-02-26 02:37:46,Pre-Teen Giant Panda,39.99
2026-02-26 04:56:34,Full-Grown Giant Panda,33.0
2026-02-26 04:56:34,Newborn Giant Panda,31.7
2026-02-26 04:56:34,Full-Grown Giant Panda,34.7
2026-02-26 04:56:34,Full-Grown Giant Panda,33.49
2026-02-26 04:56:34,Junior Giant Panda,34.48
2026-02-26 04:56:34,Newborn Giant Panda,43.7
2026-02-26 04:56:34,Luminous Giant Panda,133.39
2026-02-26 04:56:34,Post-Teen Giant Panda,34.48
2026-02-26 04:56:34,Pre-Teen Giant Panda,39.99
2026-02-26 04:56:34,Teen Giant Panda,31.5
2026-02-26 06:04:19,Full-Grown Giant Panda,33.0
2026-02-26 06:04:19,Newborn Giant Panda,31.7
2026-02-26 06:04:19,Full-Grown Giant Panda,35.74
2026-02-26 06:04:19,Full-Grown Giant Panda,33.49
2026-02-26 06:04:19,Junior Giant Panda,34.49
2026-02-26 06:04:19,Newborn Giant Panda,43.7
2026-02-26 06:04:19,Luminous Giant Panda,133.3
2026-02-26 06:04:19,Post-Teen Giant Panda,34.49
2026-02-26 06:04:19,Pre-Teen Giant Panda,39.99
2026-02-26 06:04:19,Teen Giant Panda,35.0
2026-02-26 07:54:41,Full-Grown Giant Panda,33.0
2026-02-26 07:54:41,Newborn Giant Panda,33.0
2026-02-26 07:54:41,Full-Grown Giant Panda,35.72
2026-02-26 07:54:41,Full-Grown Giant Panda,33.49
2026-02-26 07:54:41,Junior Giant Panda,34.47
2026-02-26 07:54:41,Newborn Giant Panda,43.7
2026-02-26 07:54:41,Luminous Giant Panda,133.3
2026-02-26 07:54:41,Post-Teen Giant Panda,34.47
2026-02-26 07:54:41,Teen Giant Panda,35.0
2026-02-26 07:54:41,Pre-Teen Giant Panda,39.99
2026-02-26 08:57:35,Full-Grown Giant Panda,33.0
2026-02-26 08:57:35,Newborn Giant Panda,32.9
2026-02-26 08:57:35,Full-Grown Giant Panda,35.7
2026-02-26 08:57:35,Full-Grown Giant Panda,33.49
2026-02-26 08:57:35,Junior Giant Panda,34.44
2026-02-26 08:57:35,Newborn Giant Panda,33.0
2026-02-26 08:57:35,Luminous Giant Panda,133.3
2026-02-26 08:57:35,Post-Teen Giant Panda,34.44
2026-02-26 08:57:35,Teen Giant Panda,35.0
2026-02-26 08:57:35,Pre-Teen Giant Panda,39.99
2026-02-26 10:00:08,Full-Grown Giant Panda,33.0
2026-02-26 10:00:08,Newborn Giant Panda,32.9
2026-02-26 10:00:08,Full-Grown Giant Panda,35.67
2026-02-26 10:00:08,Full-Grown Giant Panda,33.49
2026-02-26 10:00:08,Junior Giant Panda,34.42
2026-02-26 10:00:08,Newborn Giant Panda,43.7
2026-02-26 10:00:08,Luminous Giant Panda,133.3
2026-02-26 10:00:08,Post-Teen Giant Panda,34.42
2026-02-26 10:00:08,Teen Giant Panda,35.0
2026-02-26 10:00:08,Pre-Teen Giant Panda,39.99
2026-02-26 11:00:15,Full-Grown Giant Panda,33.0
2026-02-26 11:00:15,Newborn Giant Panda,32.9
2026-02-26 11:00:15,Full-Grown Giant Panda,35.67
2026-02-26 11:00:15,Full-Grown Giant Panda,33.49
2026-02-26 11:00:15,Junior Giant Panda,34.42
2026-02-26 11:00:15,Newborn Giant Panda,43.7
2026-02-26 11:00:15,Luminous Giant Panda,133.0
2026-02-26 11:00:15,Post-Teen Giant Panda,34.42
2026-02-26 11:00:15,Teen Giant Panda,35.0
2026-02-26 11:00:15,Pre-Teen Giant Panda,39.99
2026-02-26 11:50:46,Full-Grown Giant Panda,32.99
2026-02-26 11:50:46,Newborn Giant Panda,32.4
2026-02-26 11:50:46,Full-Grown Giant Panda,35.68
2026-02-26 11:50:46,Full-Grown Giant Panda,33.49
2026-02-26 11:50:46,Junior Giant Panda,34.42
2026-02-26 11:50:46,Newborn Giant Panda,43.7
2026-02-26 11:50:46,Luminous Giant Panda,132.99
2026-02-26 11:50:46,Post-Teen Giant Panda,32.39
2026-02-26 11:50:46,Teen Giant Panda,32.46
2026-02-26 11:50:46,Pre-Teen Giant Panda,32.95
2026-02-26 13:21:26,Full-Grown Giant Panda,32.99
2026-02-26 13:21:26,Newborn Giant Panda,32.4
2026-02-26 13:21:26,Full-Grown Giant Panda,35.7
2026-02-26 13:21:26,Full-Grown Giant Panda,33.34
2026-02-26 13:21:26,Newborn Giant Panda,43.7
2026-02-26 13:21:26,Junior Giant Panda,34.47
2026-02-26 13:21:26,Luminous Giant Panda,132.0
2026-02-26 13:21:26,Post-Teen Giant Panda,34.47
2026-02-26 13:21:26,Post-Teen Giant Panda,33.34
2026-02-26 13:21:26,Teen Giant Panda,32.4
2026-02-26 14:54:13,Full-Grown Giant Panda,33.0
2026-02-26 14:54:13,Newborn Giant Panda,32.4
2026-02-26 14:54:13,Full-Grown Giant Panda,33.0
2026-02-26 14:54:13,Full-Grown Giant Panda,33.32
2026-02-26 14:54:13,Luminous Giant Panda,138.73
2026-02-26 14:54:13,Newborn Giant Panda,33.0
2026-02-26 14:54:13,Junior Giant Panda,34.44
2026-02-26 14:54:13,Post-Teen Giant Panda,34.44
2026-02-26 14:54:13,Post-Teen Giant Panda,33.34
2026-02-26 14:54:13,Teen Giant Panda,33.0
2026-02-26 15:59:54,Full-Grown Giant Panda,32.99
2026-02-26 15:59:54,Newborn Giant Panda,32.4
2026-02-26 15:59:54,Full-Grown Giant Panda,33.0
2026-02-26 15:59:54,Full-Grown Giant Panda,33.32
2026-02-26 15:59:54,Luminous Giant Panda,138.73
2026-02-26 15:59:54,Newborn Giant Panda,33.0
2026-02-26 15:59:54,Junior Giant Panda,34.4
2026-02-26 15:59:54,Post-Teen Giant Panda,34.4
2026-02-26 15:59:54,Post-Teen Giant Panda,33.34
2026-02-26 15:59:54,Teen Giant Panda,33.0
2026-02-26 17:12:14,Full-Grown Giant Panda,32.99
2026-02-26 17:12:14,Newborn Giant Panda,32.28
2026-02-26 17:12:14,Full-Grown Giant Panda,32.96
2026-02-26 17:12:14,Full-Grown Giant Panda,33.32
2026-02-26 17:12:14,Luminous Giant Panda,138.73
2026-02-26 17:12:14,Newborn Giant Panda,33.0
2026-02-26 17:12:14,Junior Giant Panda,34.39
2026-02-26 17:12:14,Post-Teen Giant Panda,34.39
2026-02-26 17:12:14,Post-Teen Giant Panda,33.34
2026-02-26 17:12:14,Teen Giant Panda,33.0
2026-02-26 19:01:49,Full-Grown Giant Panda,32.99
2026-02-26 19:01:49,Newborn Giant Panda,32.4
2026-02-26 19:01:49,Full-Grown Giant Panda,32.99
2026-02-26 19:01:49,Full-Grown Giant Panda,33.3
2026-02-26 19:01:49,Luminous Giant Panda,137.99
2026-02-26 19:01:49,Junior Giant Panda,42.99
2026-02-26 19:01:49,Newborn Giant Panda,33.0
2026-02-26 19:01:49,Post-Teen Giant Panda,33.34
2026-02-26 19:01:49,Teen Giant Panda,33.0
2026-02-26 19:01:49,Newborn Giant Panda,43.62
2026-02-26 20:46:03,Full-Grown Giant Panda,32.99
2026-02-26 20:46:03,Newborn Giant Panda,32.4
2026-02-26 20:46:03,Full-Grown Giant Panda,40.0
2026-02-26 20:46:03,Full-Grown Giant Panda,33.25
2026-02-26 20:46:03,Junior Giant Panda,42.99
2026-02-26 20:46:03,Luminous Giant Panda,137.99
2026-02-26 20:46:03,Newborn Giant Panda,33.0
2026-02-26 20:46:03,Post-Teen Giant Panda,33.27
2026-02-26 20:46:03,Teen Giant Panda,33.0
2026-02-26 20:46:03,Newborn Giant Panda,43.62
2026-02-26 21:38:30,Full-Grown Giant Panda,32.99
2026-02-26 21:38:30,Newborn Giant Panda,32.4
2026-02-26 21:38:30,Full-Grown Giant Panda,34.79
2026-02-26 21:38:30,Full-Grown Giant Panda,33.21
2026-02-26 21:38:30,Junior Giant Panda,42.99
2026-02-26 21:38:30,Luminous Giant Panda,137.99
2026-02-26 21:38:30,Newborn Giant Panda,33.0
2026-02-26 21:38:30,Post-Teen Giant Panda,33.27
2026-02-26 21:38:30,Newborn Giant Panda,43.62
2026-02-26 21:38:30,Pre-Teen Giant Panda,33.0
2026-02-26 22:40:30,Full-Grown Giant Panda,32.99
2026-02-26 22:40:30,Newborn Giant Panda,32.4
2026-02-26 22:40:30,Full-Grown Giant Panda,40.0
2026-02-26 22:40:30,Full-Grown Giant Panda,33.22
2026-02-26 22:40:30,Luminous Giant Panda,137.99
2026-02-26 22:40:30,Junior Giant Panda,42.99
2026-02-26 22:40:30,Newborn Giant Panda,33.0
2026-02-26 22:40:30,Post-Teen Giant Panda,37.06
2026-02-26 22:40:30,Post-Teen Giant Panda,33.27
2026-02-26 22:40:30,Pre-Teen Giant Panda,39.99
2026-02-26 23:37:08,Full-Grown Giant Panda,32.99
2026-02-26 23:37:08,Newborn Giant Panda,32.4
2026-02-26 23:37:08,Full-Grown Giant Panda,41.3
2026-02-26 23:37:08,Full-Grown Giant Panda,32.98
2026-02-26 23:37:08,Luminous Giant Panda,137.99
2026-02-26 23:37:08,Junior Giant Panda,42.99
2026-02-26 23:37:08,Newborn Giant Panda,33.0
2026-02-26 23:37:08,Post-Teen Giant Panda,37.0
2026-02-26 23:37:08,Post-Teen Giant Panda,33.27
2026-02-26 23:37:08,Pre-Teen Giant Panda,39.99
